UserId,Rating1,Rating2,Rating3
1,-5.0254,7.6765,7.6741
2,8.8391,-7.7764,-8.5595
3,8.1816,9.282,-6.3008
4,-4.9805,8.4582,2.9511
5,-7.979,-2.1443,-7.7479
6,-2.7529,9.887,-7.3389
7,8.4726,-7.5404,1.0976
8,6.9054,-4.4749,4.8037
9,-4.8376,7.9071,7.3055
10,-4.4876,-6.0648,-0.92019
11,-4.0344,-0.4527,9.1638
12,-8.3717,-7.0287,0.2483
13,-6.6333,0.64654,9.227
14,2.2887,-8.3649,-1.373
15,-0.15207,-1.9211,3.3529
16,-1.7619,6.6257,-2.4438
17,0.31408,5.5062,8.9727
18,7.7473,-5.3406,-0.6502
19,9.102,2.18,-1.2328
20,-4.8865,-7.2914,-1.5901
21,-5.3267,8.3634,1.6729
22,-8.5969,9.4717,-9.9022
23,-4.806,6.1892,-8.4665
24,-6.5157,-2.2592,-7.0062
25,-9.4488,-1.6336,8.5352
26,-6.5106,-0.72291,2.427
27,5.6091,-9.2576,4.5465
28,8.4053,-3.1409,7.8996
29,4.4318,8.5542,0.7787
30,-4.0316,-9.6842,5.6059
31,2.6291,7.942,-4.9037
32,5.4037,-2.2468,-7.3157
33,-1.1499,-3.7946,-0.48442
34,2.3889,2.2772,-2.1346
35,1.475,5.447,1.5484
36,8.0548,-7.7635,-4.9806
37,5.0478,7.8461,-4.3083
38,-4.7009,6.2864,4.2584
39,-5.4127,5.3004,8.0565
40,3.872,-5.1092,5.8909
41,-5.3398,-4.797,-5.6123
42,2.4385,-8.5657,6.1176
43,-4.9013,-7.8799,7.7636
44,8.4084,-3.3153,-5.404
45,-3.9489,-1.2209,9.6696
46,6.9709,9.0305,5.0603
47,-5.4058,-3.0456,-3.0536
48,1.4419,1.5254,3.8453
49,-6.222,-8.6223,-0.3468
50,-1.5998,-2.8327,-4.2113
51,-2.4752,-7.6028,3.5502
52,-9.2193,7.4481,6.2866
53,-7.441,-0.49909,3.7774
54,5.0752,4.7995,-5.4111
55,-1.7478,-7.4913,6.3562
56,6.0817,4.0171,6.0563
57,3.398,9.661,6.2079
58,-2.3436,-5.2384,-2.3058
59,-0.10336,0.81411,-2.2649
60,9.0111,-8.4112,1.85
61,8.9589,7.553,-8.5129
62,-0.30034,-9.5581,-0.47463
63,4.2487,-9.5007,-2.9224
64,4.9966,-4.7423,-2.2497
65,0.21197,-9.5477,-4.6787
66,-1.0597,-7.7082,6.3638
67,5.3804,-1.4541,7.6662
68,-1.6875,9.0191,-0.78318
69,0.0017723,5.2497,-2.7493
70,-8.2504,-0.31447,-3.9339
71,8.0867,-2.473,-0.88995
72,-0.90544,-4.251,2.0686
73,1.9811,-1.7412,-7.2796
74,-8.5889,-8.3083,-2.0933
75,0.58881,1.1841,-1.2475
76,-5.5738,9.2229,8.2516
77,-2.2962,5.7641,8.5474
78,1.2,-3.209,7.7507
79,6.3007,-1.3155,-0.11288
80,-4.7432,0.20227,2.5678
81,4.5563,4.8476,-0.40634
82,-0.15914,-8.055,5.6866
83,-3.9151,-0.93961,-9.8242
84,-4.1918,-7.4135,5.273
85,-5.178,2.1266,-1.9574
86,-8.5367,-1.9905,-6.3081
87,1.6224,-2.2866,1.8242
88,2.4988,-7.3344,5.0654
89,-5.2952,0.21678,-8.4157
90,1.2859,-3.1742,6.0771
91,7.452,-3.5582,-7.2535
92,6.1532,-4.2568,-1.5603
93,-1.853,6.9644,-1.9975
94,-0.07551,-8.9149,5.3725
95,4.1278,8.6187,-4.1013
96,1.5584,8.5313,0.87147
97,5.0938,1.6183,-8.0963
98,9.0032,6.5578,-2.7115
99,-6.4595,3.525,-0.85827
100,5.7852,-8.6411,5.0237
101,-3.3007,1.7386,5.3236
102,1.2757,-6.73,-7.2925
103,-5.8622,-2.3455,-8.6879
104,4.8194,-7.7797,-3.2657
105,9.6001,-8.9695,-6.5009
106,6.6666,-5.6065,3.0323
107,2.4102,-8.3293,7.923
108,-0.15786,8.3479,-7.7655
109,0.47153,7.4834,1.8031
110,8.6307,6.7384,-2.2633
111,-6.8331,0.038858,-3.7892
112,1.8102,8.4999,-6.1967
113,2.7601,-1.5157,-6.6408
114,8.1585,-5.6977,-1.6139
115,-4.612,-3.1336,6.3226
116,4.215,-1.0465,-5.5303
117,-2.9935,-1.8665,-3.5334
118,-2.7123,3.6598,7.1435
119,-8.3719,-0.16296,-4.4473
120,-3.4339,4.6787,-4.9868
121,-3.5114,9.7964,-1.8586
122,-9.4084,-7.3387,1.8003
123,0.99135,5.3071,0.010675
124,4.1349,-1.4424,9.2676
125,-0.029984,2.2219,-8.3457
126,0.54609,-4.8804,-3.2841
127,-7.8837,7.8809,-7.3004
128,3.6949,0.46691,6.1377
129,-0.57715,-3.0181,-5.3157
130,-5.4146,-0.96247,-3.7389
131,7.1144,3.1278,-7.323
132,1.3039,2.5543,1.2495
133,9.9833,9.9193,8.7129
134,-8.4581,4.6412,8.2561
135,0.30003,-9.6986,-6.6781
136,-3.9209,-1.6727,-0.72275
137,7.2322,3.7232,-1.9324
138,-6.7645,8.6765,2.3281
139,-9.9723,-7.3221,6.1546
140,-1.1403,6.8336,8.0373
141,3.5431,-5.288,-5.218
142,9.3582,5.6906,8.0459
143,2.4022,6.67,3.7023
144,-6.1929,-1.6778,-2.7484
145,-2.7566,-3.5934,-0.64176
146,5.6011,3.8933,-6.0488
147,-3.4051,-2.8028,7.1859
148,-6.7152,9.3388,5.4193
149,-4.2986,-6.4859,-4.4787
150,-9.1932,8.4472,-6.0879
151,5.1024,-2.3801,7.679
152,-4.2943,0.79284,-8.9476
153,5.2899,-8.7367,-9.9869
154,6.8514,4.5283,6.1049
155,-0.89964,9.9891,-0.62232
156,7.1678,1.965,7.3086
157,9.8286,6.0676,-0.91278
158,8.835,0.48044,-9.0889
159,9.5855,-1.7173,-7.5923
160,9.0131,-2.5229,-3.771
161,9.2777,-7.8914,1.1435
162,3.9587,-1.3284,-4.738
163,-6.8763,9.075,-0.74056
164,2.9352,0.14079,-7.183
165,9.8145,6.8355,-5.7615
166,-5.1142,-6.8879,0.091359
167,3.6353,2.6489,2.2347
168,-7.4148,2.8215,-2.9641
169,9.9637,-1.8567,8.6823
170,-1.6028,-4.7184,6.0603
171,-2.9864,-0.62322,-8.845
172,-5.8682,3.2578,-1.1999
173,7.0032,7.2679,3.0391
174,2.2481,-6.0701,-8.0902
175,1.5067,-2.5546,1.8732
176,-5.039,-8.6064,-5.3153
177,-7.3299,1.6643,-8.6386
178,-8.7007,2.5992,1.3382
179,2.1451,0.19438,0.62309
180,4.5919,6.2815,7.9746
181,-1.502,-0.89569,-3.461
182,-8.02,-7.1086,5.9502
183,-8.2145,0.68137,-2.6416
184,0.59039,-5.8667,4.8943
185,-3.2806,-2.9792,4.7482
186,3.2279,-0.0098869,3.8563
187,9.0779,4.4549,-1.6451
188,-9.0202,5.4863,4.0109
189,-7.575,4.4169,3.1724
190,2.1646,-7.7553,-0.89232
191,-4.0761,7.3726,6.1136
192,4.3749,6.5575,-5.8359
193,-0.30371,4.6048,4.18
194,9.0832,-6.8777,4.6573
195,-2.8245,-8.0215,7.986
196,4.5025,7.3705,2.7469
197,1.8593,-3.4425,3.3469
198,4.0345,-4.7249,0.0876
199,-4.2783,-0.11004,6.3888
200,1.0073,-8.8354,-7.0994
201,-9.8559,-9.5396,-3.6611
202,9.0178,7.4381,-0.90843
203,-1.2353,6.8685,-2.0708
204,-2.8771,9.4046,-3.806
205,-7.9612,-6.8114,-8.6753
206,-5.2524,-2.121,3.2233
207,-4.0583,3.3639,7.0758
208,-0.42874,-5.3188,7.1199
209,-1.6997,0.51246,-5.3314
210,-8.8763,0.080934,-7.0184
211,1.7787,-3.9896,6.5545
212,-8.6599,5.3295,-9.7591
213,-4.4234,1.6636,7.9352
214,8.627,-9.2163,-8.4966
215,4.0331,8.2992,-4.709
216,3.6739,0.30689,-3.1298
217,-2.8754,6.5838,-7.4472
218,1.9187,-9.3221,-0.83874
219,6.4142,6.6337,6.7038
220,5.5803,7.8485,9.8769
221,5.0183,5.8263,-4.5677
222,0.63079,7.2772,-4.5591
223,4.9038,3.1304,-3.6619
224,-5.6456,-3.9208,-6.1761
225,0.37104,-1.0923,6.8302
226,6.2529,2.7775,4.6042
227,-4.4612,3.9838,-3.306
228,0.073511,-1.9377,8.8047
229,3.0478,-6.8286,-2.5755
230,-8.3752,-5.0937,4.758
231,-7.0895,3.2766,-7.1947
232,1.8696,6.4762,-0.50096
233,-1.7215,1.783,4.2424
234,-7.3771,-0.16431,0.17921
235,6.1754,-4.5273,1.0522
236,4.3128,-8.7671,1.6706
237,9.5166,-4.2922,4.023
238,-9.1993,-4.7165,2.9152
239,6.0618,9.4186,-2.3333
240,-0.16893,-8.9342,-7.3945
241,-6.1045,-5.299,-6.9834
242,-7.1573,2.8644,2.8093
243,-6.0214,-6.8832,8.2007
244,-9.8529,9.9678,-3.5261
245,-7.5796,-3.5212,-9.2218
246,3.8108,-8.6806,-9.4486
247,-4.1561,-9.1494,3.2314
248,-0.14862,9.2022,9.3254
249,7.6189,2.9544,9.7756
250,0.47594,1.4652,8.351
251,4.1203,3.6234,3.0403
252,-6.9789,7.9241,5.5669
253,-1.2712,4.7872,-2.2171
254,7.8173,1.8897,8.7067
255,-6.8046,6.0732,5.224
256,-7.6269,-7.5121,9.6373
257,6.4441,4.3304,-2.017
258,-8.8385,3.0466,-2.5751
259,-5.3551,6.5073,8.378
260,1.8991,-3.364,-4.9155
261,4.2292,9.5515,7.9103
262,-1.3409,-4.156,-9.5235
263,-0.40158,-6.8723,-7.7526
264,-8.2614,7.3271,0.91605
265,2.2007,-2.987,-1.3908
266,-4.3936,-9.9921,2.5815
267,8.3783,6.7954,-3.7869
268,-5.2356,8.0633,4.2644
269,5.0131,6.5,-1.4136
270,4.1029,-6.7213,0.8849
271,-7.5444,5.9517,0.038157
272,-5.8255,5.2925,-9.0578
273,-6.0566,-3.6323,2.7652
274,5.6866,-0.91333,4.3932
275,1.023,9.0125,4.2173
276,0.1597,-6.4865,-1.4557
277,4.8515,4.5495,8.2663
278,7.5498,-6.6899,-0.87987
279,-8.5991,2.4764,3.195
280,-2.4736,5.0194,-9.0071
281,-3.1645,6.1328,-8.9587
282,6.8856,-3.8246,-8.9353
283,5.377,-1.3993,0.14045
284,0.64995,1.415,-8.3461
285,-8.209,-4.3131,3.9328
286,8.5022,-7.2706,-3.2783
287,1.1589,4.5237,-7.7176
288,-9.5218,0.82425,-6.4149
289,2.9213,-6.496,-7.3707
290,-4.5258,-2.4685,8.3081
291,-0.92647,3.1822,5.2491
292,7.9123,-8.3496,-2.1529
293,-5.9191,1.0608,7.6024
294,-7.7272,5.3032,-9.5889
295,2.3634,7.3375,4.4998
296,3.5097,0.8452,-3.7794
297,9.777,-4.8738,5.4278
298,-3.5686,8.5394,-5.6193
299,8.1445,3.1686,6.4181
300,1.8094,1.5908,-7.4487
301,-8.4633,8.3485,-5.7381
302,8.6118,-8.2434,5.3184
303,0.84927,-8.0118,1.1385
304,-0.52278,5.4691,-2.0584
305,0.88952,3.3158,1.3727
306,0.54678,-2.7721,-5.0883
307,3.2296,2.895,-1.4124
308,2.889,-0.78288,-9.4586
309,-6.5413,-9.4793,2.1954
310,0.15075,-9.7968,0.027741
311,-6.4363,6.6079,2.2276
312,-0.68672,0.62371,-6.992
313,-8.0879,8.9079,7.7469
314,8.1787,8.7771,-4.2258
315,6.8603,7.9066,7.7997
316,-5.9068,-0.49866,-3.3135
317,-5.5598,1.1371,3.5289
318,1.2962,7.3235,-6.4865
319,-9.1745,-8.3452,-6.796
320,9.5832,-9.0624,3.4022
321,-3.1117,-3.8197,-5.5027
322,-4.0751,-5.0009,5.5931
323,8.5589,2.258,-6.4599
324,-5.1108,1.3414,9.4803
325,-1.8963,7.3817,-4.7904
326,-6.324,8.121,-7.7037
327,-8.2797,4.4965,-8.3002
328,8.2651,-0.35473,4.9937
329,-4.4538,-0.67529,1.0564
330,5.5661,-3.3054,-8.7285
331,-6.7569,-8.6746,5.1586
332,3.3153,-6.9153,8.0571
333,-4.5128,-1.8155,-0.92695
334,4.5051,-9.1826,8.6005
335,-8.8553,9.1509,-0.36329
336,3.2424,4.7924,8.6873
337,-8.8781,5.8977,0.39726
338,3.1504,-8.8233,4.9381
339,-3.0058,-3.4617,-3.1
340,4.7163,-9.302,-8.9914
341,-1.6418,-5.9973,0.034934
342,1.1087,-9.1371,8.6005
343,-6.2068,7.3552,4.6639
344,-4.4465,-8.731,0.20231
345,-0.27817,8.4089,-8.6853
346,-9.0694,-0.20004,-0.53873
347,6.9787,-8.8517,1.5155
348,-1.2277,9.4877,7.4185
349,-6.194,-5.3536,9.9726
350,-7.0081,5.0598,-8.9341
351,-7.4752,-0.53335,-9.2004
352,-0.35578,-1.9032,5.0895
353,9.8884,9.7372,9.3889
354,6.713,1.0714,-5.8097
355,7.5987,8.9266,-2.0782
356,0.26525,4.6988,-3.0396
357,-9.7379,-8.412,3.7032
358,5.7849,5.2318,-2.2365
359,8.2889,2.6887,9.5193
360,-8.7368,-2.3539,-0.42802
361,-6.5002,-6.9481,1.7076
362,0.19111,-3.3505,8.4709
363,-1.3825,-5.4268,-7.9489
364,9.1775,9.1061,6.9294
365,9.6922,3.742,-4.3687
366,-6.9134,9.2308,8.7631
367,-2.9379,-4.7103,8.7339
368,1.5371,7.3983,-4.0508
369,-1.5555,-3.6637,8.181
370,0.15799,8.3099,1.0232
371,7.5404,5.8047,0.08981
372,-8.7907,-9.8027,1.8901
373,8.3071,2.962,5.4799
374,-3.7488,-1.1702,1.6875
375,4.5827,-0.20644,-1.9032
376,-4.4978,-6.3749,-2.8462
377,4.5973,7.26,7.5953
378,5.6871,-5.0588,0.19337
379,1.3441,-9.3882,6.5818
380,-7.7806,1.4262,2.3281
381,-7.506,-7.5436,7.9544
382,7.1142,-6.7577,3.6693
383,8.6777,-0.99015,-7.3556
384,2.9731,-9.0964,0.26746
385,-6.3005,-5.6314,-5.5637
386,4.4465,-5.1641,2.4617
387,-5.5191,-2.2521,-0.12226
388,5.0549,-8.4556,0.7844
389,9.9725,-6.2296,-2.2034
390,8.4262,6.1758,2.1865
391,0.54534,7.027,8.7388
392,2.4529,-6.1994,0.93114
393,-3.6917,7.1282,-3.3602
394,7.6107,8.8722,-9.8711
395,7.2058,-0.22935,-7.015
396,-8.7887,7.1509,-8.7965
397,0.99282,9.5495,-8.9981
398,-2.3887,-3.1745,7.7672
399,1.1369,-7.7321,-2.3872
400,-6.3565,1.2256,-8.3466
401,5.8438,1.5092,-9.3843
402,-7.6421,-1.1139,1.0077
403,-5.9394,5.3436,1.5434
404,-9.521,-0.21022,2.3707
405,-8.83,-8.2556,-1.6969
406,-7.6164,-1.6629,4.8376
407,-0.97271,-1.1954,9.0019
408,7.9137,7.7366,-0.73711
409,-7.9246,7.1868,-6.708
410,9.9477,-9.2366,-9.0101
411,8.4484,3.9187,-1.797
412,-7.4806,9.1731,9.2915
413,1.2322,-2.3671,2.1911
414,1.5744,3.2951,-6.9646
415,5.6297,-5.7897,-6.7181
416,-8.0125,-0.20659,3.1815
417,-8.2188,-4.1153,1.4594
418,8.8942,9.3216,6.2322
419,-1.4904,3.8758,-8.1953
420,6.3832,6.8167,-2.2424
421,5.6598,4.2861,7.2909
422,6.758,9.7604,2.5913
423,-7.205,7.4579,-8.6288
424,-8.1654,5.5356,9.5433
425,-1.143,4.9472,0.1318
426,6.1621,3.6797,-5.8977
427,-7.1937,-0.75558,4.1429
428,-6.4051,-7.3403,2.4984
429,-6.788,-1.6087,5.1207
430,-5.3876,8.3355,-4.0006
431,-3.4391,6.5733,4.2948
432,-8.6444,7.169,3.3228
433,-2.2695,9.6309,7.1219
434,-4.3903,-3.6349,-6.8892
435,-6.9363,6.3943,-6.3883
436,-3.7345,1.8426,-4.6744
437,-0.014826,-9.2547,1.8081
438,3.4182,5.566,-8.9934
439,-4.1685,-4.8322,6.5788
440,-0.26339,6.1903,7.586
441,3.8812,0.27875,4.283
442,8.8464,6.09,-2.8857
443,-7.7337,2.3666,-7.9146
444,-2.459,-0.78007,-9.7487
445,7.3335,6.8366,5.0612
446,5.3586,7.3628,3.0975
447,6.5188,-9.3031,9.0161
448,-9.2619,-4.3927,8.8469
449,6.0811,8.9752,-8.3352
450,-8.0947,5.5822,9.2941
451,-2.9458,-0.8204,0.0095745
452,-5.3395,-7.5353,-8.5575
453,9.6876,2.8199,9.2361
454,-0.35316,4.7286,-3.1511
455,-4.3934,1.0513,-7.1173
456,-1.5845,1.2482,5.8288
457,-7.2199,8.8732,-5.8163
458,5.6243,-4.993,-0.99568
459,6.4211,-5.2911,0.8748
460,-9.8806,7.9563,-3.5915
461,-2.8278,9.7834,-1.6316
462,8.5586,-0.98032,5.6384
463,1.1718,9.3231,-0.99872
464,-6.5941,8.7256,-2.0349
465,-2.0463,2.7222,6.0042
466,2.6142,-7.2825,8.6173
467,5.27,2.8137,1.1265
468,9.7096,0.35994,-5.8856
469,9.5537,1.6489,-5.4689
470,-1.1173,-7.4921,3.7741
471,8.3596,-1.4712,-1.9824
472,4.4752,-7.2211,6.3879
473,-6.9012,6.6191,7.8996
474,1.3864,-8.1701,-2.4578
475,0.5911,-6.5488,-4.1622
476,8.7908,-4.2512,9.0571
477,3.8525,5.0665,6.0255
478,0.78845,-3.6117,-6.8488
479,8.3745,-8.4385,7.9069
480,-8.3817,0.23073,8.411
481,-3.8115,0.0039291,-6.0906
482,-2.6728,-9.955,6.0637
483,-9.7651,-2.1416,5.5348
484,0.90316,3.6751,1.2528
485,-2.2885,-2.6119,0.75426
486,-0.69712,-5.6648,-2.4561
487,-8.9477,-5.1301,8.4814
488,9.611,-8.9618,-6.5382
489,7.5074,-3.905,-4.9651
490,-3.7477,5.8032,-5.5011
491,-8.3646,6.3623,7.0407
492,-7.868,9.9744,-3.5782
493,-7.7744,-0.3007,4.6312
494,-3.7167,8.4244,-4.7627
495,4.9344,8.3571,-6.2361
496,7.3565,4.2537,9.0155
497,-0.99239,-5.2418,9.2961
498,4.708,2.5785,-9.3341
499,-6.0918,3.2653,2.3145
500,-6.1219,-9.1228,6.1841
501,-2.6511,-0.59451,-7.4589
502,-3.0152,-0.58849,-7.7637
503,-3.9584,7.621,-7.6013
504,0.99521,-5.8643,0.80434
505,-9.7461,-3.6292,-8.7002
506,-2.8154,9.504,-9.3952
507,3.6999,-7.616,-1.7991
508,-5.8492,-5.2881,-9.2371
509,-6.3832,1.9413,8.1303
510,-4.1177,3.5816,2.7136
511,-9.8878,5.154,2.664
512,-3.1043,-6.7787,-5.6983
513,6.5681,3.4168,8.5734
514,-9.5542,-0.431,-2.0265
515,-9.3936,-0.28479,7.5824
516,-2.5129,2.5976,8.9902
517,-8.6928,1.5449,-8.4314
518,7.0609,-3.1408,6.4905
519,-2.729,7.4162,-9.9752
520,4.1737,-9.516,-3.1523
521,-3.1498,9.4923,-4.7952
522,-4.2917,-8.0793,0.62432
523,-9.8902,-5.3791,-8.451
524,-4.5993,6.8354,-9.1109
525,1.1641,-9.9028,7.9066
526,-2.0958,-0.63824,5.2983
527,6.903,5.1397,4.3355
528,-4.9287,5.9135,5.4009
529,8.4038,5.0724,-7.2588
530,-7.1008,-7.2975,2.4566
531,-0.32169,4.7263,6.8844
532,-5.9603,0.62511,-8.8954
533,-7.7564,-6.3111,5.9719
534,-8.4213,-6.5294,5.9886
535,-8.0408,-7.7997,7.7596
536,-1.1315,-3.889,-2.1631
537,-0.12127,2.5487,5.1144
538,-4.111,-2.5677,4.8584
539,4.2066,-8.542,-2.1654
540,-9.57,1.5084,9.0398
541,-3.8082,6.0235,-9.1961
542,6.8557,4.7811,-6.1848
543,0.94917,-7.3585,-2.6863
544,-8.8966,3.2732,5.8946
545,0.20332,-8.8092,2.9006
546,-4.1149,1.2369,0.14723
547,-6.6735,6.3873,9.6837
548,3.5857,-8.0053,-7.3456
549,-6.0637,-4.9387,-1.7089
550,-2.0821,-2.0134,3.59
551,4.5553,-6.7639,-2.4152
552,6.1987,5.187,-5.862
553,2.0297,-8.9057,-1.2266
554,-7.3838,0.33162,5.7228
555,-9.7822,-9.211,-3.9006
556,-4.1485,-9.8978,-0.84607
557,-0.32231,0.32064,-1.6378
558,-8.4866,-7.234,-5.7034
559,-8.3302,-3.8436,3.6113
560,9.5899,-7.53,-1.1302
561,2.4854,4.5133,1.6924
562,6.4582,4.6093,-7.7744
563,5.6202,8.4221,7.4787
564,0.20476,-9.9304,7.1738
565,2.1392,-2.5531,-3.5857
566,-4.351,-3.5304,-4.103
567,8.7199,-7.8986,-6.9209
568,2.3374,-8.3368,5.2801
569,-1.863,3.5963,5.6122
570,-8.9964,-8.3447,-2.325
571,-7.9031,-5.5678,5.8774
572,-1.1212,4.0811,0.4296
573,-9.5247,-0.70401,8.7608
574,-4.2286,-9.5595,2.3956
575,-5.7021,8.819,-7.6022
576,-5.5698,-7.8854,-9.8367
577,-6.1463,4.1235,-2.4263
578,6.7831,-9.6218,6.3497
579,-0.67912,8.591,-4.5909
580,0.86278,-0.43338,-6.7095
581,1.6163,-9.8393,2.9663
582,-8.1131,9.759,-5.298
583,-8.7198,3.0907,-3.9721
584,9.7362,6.4397,-9.3865
585,-4.3234,-7.8623,4.7045
586,-7.162,-3.1144,-2.8542
587,-9.6244,-5.9595,1.7537
588,7.4142,3.0209,6.1144
589,-6.5251,-0.026685,5.2212
590,-6.5693,0.41369,-8.9754
591,-2.5461,0.58173,-3.882
592,-6.3498,-5.3187,6.2637
593,-1.1798,-4.8213,-8.7544
594,1.5735,3.5781,9.2273
595,6.7232,-5.3792,-9.1495
596,1.7659,-7.8573,-2.7042
597,8.4806,0.82764,2.8012
598,-0.37432,-0.9182,1.9562
599,2.4369,-4.0285,2.7484
600,-1.1659,7.5103,-6.7919
601,8.2502,3.5406,0.14142
602,4.2082,-4.6239,-6.9156
603,2.0559,5.6102,-9.3525
604,6.8678,9.1503,4.962
605,8.1299,-9.2977,-2.1571
606,1.5597,-5.2243,1.1939
607,-5.8481,0.91584,-8.6117
608,-3.3382,-9.4543,6.7915
609,8.4002,6.5755,-1.8733
610,-0.17685,2.1237,-6.9326
611,6.903,-3.9786,-6.3399
612,-0.16848,-0.85614,3.2045
613,-9.035,-6.5589,3.0444
614,1.7685,5.2708,-8.8296
615,9.5978,9.3558,-1.4734
616,-6.9707,-8.8518,-1.005
617,2.5385,-4.4577,-3.1531
618,2.8883,1.2951,4.1094
619,-7.8755,7.5133,2.364
620,-4.0205,-9.4895,9.7199
621,-2.2093,-2.1021,-9.2243
622,9.0873,-2.0313,6.4953
623,1.5351,-8.6073,4.7343
624,-8.2528,-0.28052,9.6223
625,-7.8568,6.4801,-1.8181
626,9.0737,-7.2233,2.3411
627,6.1069,4.1947,8.5353
628,-1.434,8.0578,5.5024
629,3.4498,-2.98,2.9051
630,-5.7614,-6.5464,-7.4008
631,0.40329,-4.611,4.6902
632,9.5108,-7.8633,9.9515
633,6.6085,4.9336,-9.5005
634,-5.6804,8.7813,6.6222
635,-1.0315,2.3853,-0.036834
636,1.4536,3.0196,8.7095
637,1.416,-4.8745,-7.1283
638,8.6105,1.8152,3.0246
639,-4.8981,-8.0375,-5.8135
640,3.1268,-3.8368,1.9203
641,5.6249,-1.4683,-0.13135
642,-7.6806,6.7812,7.3918
643,0.52778,6.2688,9.8075
644,-1.7531,-8.3514,6.9785
645,0.045848,-0.13682,-0.64707
646,-8.6937,8.3738,6.835
647,-4.6093,-7.8285,-6.7835
648,-5,8.9455,-9.6414
649,3.3736,-2.0483,2.5012
650,-8.9985,-4.8883,-1.51
651,9.4627,0.18553,6.9613
652,-2.4863,6.9843,4.9274
653,7.4374,-6.0414,-6.3127
654,3.8858,9.6059,0.68281
655,-9.4084,5.1235,2.2209
656,-8.2546,4.5216,-2.8086
657,-8.1007,2.2533,-2.6112
658,1.2845,6.9109,-2.9548
659,1.3208,0.096786,4.9512
660,-3.7878,6.7971,-3.864
661,-7.7361,0.59313,-0.35253
662,5.3721,5.4346,1.5907
663,-7.236,2.0382,0.68848
664,1.7006,9.985,8.4868
665,0.17355,0.18266,4.6985
666,0.20246,6.9603,-5.278
667,-2.8133,8.453,-5.131
668,-8.8904,7.8557,-4.3001
669,-3.2761,-3.0945,3.2089
670,8.997,-7.7136,7.0293
671,8.9667,0.029966,3.5307
672,-1.4136,6.1697,9.3988
673,4.841,5.9646,-8.0986
674,1.1523,-3.1644,-1.2341
675,8.2801,2.7762,3.265
676,4.7282,1.9532,-3.5199
677,-2.1214,-8.5719,-1.6025
678,-8.7893,3.8212,-7.1226
679,6.2123,2.5104,9.9711
680,-3.6716,-8.9067,-6.4698
681,-0.1159,-2.2841,-0.95068
682,0.83059,-1.3196,-3.1203
683,0.35058,5.3056,7.1176
684,-7.0762,0.38395,0.36246
685,-2.8131,5.418,9.7192
686,-2.7738,6.4739,8.7607
687,-5.6841,8.8841,-1.8968
688,-9.263,7.0194,1.9899
689,8.4836,3.1642,-9.9822
690,-2.9136,-2.0571,-6.5726
691,-6.084,7.6094,-4.6462
692,7.2818,-7.2478,-4.7418
693,-0.038931,-1.8343,-2.6852
694,6.3985,2.0314,-6.3192
695,5.2664,3.1962,2.1184
696,-7.6655,9.5966,-0.8444
697,0.32157,5.8237,8.9549
698,-3.3152,-8.3888,-6.3847
699,3.7189,0.32504,3.8083
700,5.7444,7.3083,6.2602
701,-4.3058,0.86869,-4.1988
702,-1.5999,-6.131,6.6196
703,7.6471,-3.0503,4.166
704,5.2801,1.5454,-4.0868
705,-4.302,1.3004,0.18795
706,4.4776,-0.42416,-0.95816
707,-9.4572,-0.29417,-1.9378
708,1.2659,8.6691,1.9544
709,-9.1785,-9.899,-8.836
710,-7.4784,6.466,-3.5558
711,6.412,3.0084,-5.3169
712,3.6322,-8.9674,-0.39554
713,-1.2234,3.6553,3.812
714,-2.0858,-4.2234,-8.5011
715,7.5159,-5.5238,-4.9288
716,-5.2247,-5.283,-8.6815
717,-2.1203,9.906,-6.5761
718,-7.1304,0.96911,-7.5395
719,3.4485,9.97,-9.3235
720,-6.4878,-8.2758,-8.6566
721,9.9951,2.4571,3.5347
722,9.2886,-4.9542,-5.2802
723,-8.6449,4.5251,-0.42231
724,-8.583,2.1711,0.15352
725,-5.0582,-1.676,-9.6051
726,-3.775,-9.3921,-4.9033
727,5.9587,-9.9984,9.956
728,5.0573,-3.5885,8.2425
729,-6.4219,8.915,-2.9956
730,4.8104,-7.8944,1.1271
731,-2.4634,-0.70362,-9.6296
732,-3.6932,4.3911,9.8717
733,-5.9978,8.5552,-8.5835
734,1.137,1.9271,-2.6301
735,0.15915,4.6778,-8.2001
736,8.0904,-1.503,9.0513
737,-6.711,-5.386,1.2272
738,-9.4783,-9.7897,1.5796
739,-7.2159,-5.5754,-6.8779
740,-9.2729,4.6007,-7.7848
741,1.3735,5.3023,-1.9814
742,5.4316,4.4932,-4.0365
743,9.7435,-0.43073,7.2381
744,6.9449,4.915,-7.8352
745,-6.6085,1.6206,-9.6122
746,9.5592,-9.6116,-6.2231
747,1.5701,5.8278,-1.2582
748,6.2048,-8.1456,1.9338
749,-9.7716,9.0261,1.8706
750,-6.0409,7.9327,2.0307
751,8.5008,-3.0243,6.5811
752,-5.1488,-1.5026,-7.7371
753,0.79139,6.2288,-7.5967
754,4.5207,1.1863,-7.6015
755,-7.9818,5.9416,-5.4133
756,1.4546,-5.3866,3.4136
757,-5.7466,-8.3097,-4.7782
758,-2.8371,9.734,-4.3245
759,-1.1236,1.7393,-4.5862
760,4.9871,7.6049,-6.926
761,8.2793,-9.462,6.2947
762,9.3909,-2.429,-1.2873
763,-2.3674,-4.3005,9.5942
764,-4.9641,3.2598,-8.5722
765,-4.5797,-7.2182,-5.9878
766,5.2913,0.88618,-7.2469
767,6.8515,-9.778,-6.2231
768,-6.7051,-0.35292,-4.5388
769,-9.4012,2.4039,-4.7552
770,6.9476,-9.2197,6.8933
771,-6.8059,-2.5331,1.7507
772,8.9048,4.7858,9.4801
773,9.3502,-7.2187,-7.4838
774,1.5637,6.4042,2.7799
775,-0.2793,2.877,1.049
776,-2.9214,-8.0588,-8.0159
777,3.188,6.8805,-1.1102
778,-2.3128,7.6397,0.27648
779,-1.3021,-8.9456,-9.6699
780,2.266,-9.4056,8.807
781,-9.3073,0.62741,-5.4943
782,-5.6239,1.0357,-9.2589
783,-9.5962,0.83965,-0.73132
784,5.2627,9.3359,2.6353
785,-2.2026,-7.1681,6.4919
786,-1.5466,4.5993,3.9535
787,0.99367,-2.9507,2.6926
788,-2.2308,-9.3775,3.9903
789,6.2127,-6.9545,-0.14055
790,-1.2819,4.4303,-7.2152
791,1.6031,8.5062,-6.3414
792,9.4234,0.44499,-2.9244
793,9.842,-6.9403,3.6218
794,-5.9425,-9.6281,8.5418
795,-1.1096,-1.1636,2.6587
796,-0.50502,4.8071,2.3524
797,-4.0472,0.51167,8.6059
798,-4.3299,-7.5723,8.6208
799,6.7924,5.3494,-6.8207
800,9.2419,-1.8257,-7.3117
801,-5.7862,5.5831,-1.4239
802,7.8347,7.147,0.70074
803,-2.1605,9.8506,7.5035
804,3.0285,1.213,0.29022
805,-4.3228,-2.7261,-2.8238
806,8.8216,8.4172,-7.2387
807,5.7363,-3.2748,8.8746
808,-6.1445,6.1414,-2.1169
809,2.3008,3.4345,4.1924
810,9.3759,3.0323,-2.668
811,-4.3083,-6.7091,-5.286
812,-2.7693,-4.3149,4.2771
813,-5.9278,4.574,3.9425
814,2.7754,-6.2313,6.5599
815,7.8564,2.2319,-5.7597
816,-3.1661,6.8296,-5.3824
817,-7.512,7.2203,2.8085
818,-3.0465,9.952,-6.8685
819,2.5344,4.1894,-1.3569
820,4.6968,-5.2955,3.4018
821,2.1306,-5.1906,6.1748
822,-8.4759,6.5542,4.9725
823,8.7964,6.2569,-9.4318
824,-6.2122,-0.45333,7.2984
825,1.4817,8.2343,-5.2847
826,8.1367,7.0749,-8.3805
827,9.4677,1.0767,-4.9956
828,7.1554,3.2453,-7.8939
829,-7.4182,-9.7727,-5.0728
830,8.1404,1.6174,-8.037
831,-3.4497,-3.9162,2.8504
832,1.6477,-7.2352,-2.3477
833,-7.1908,5.2998,-5.8202
834,0.25449,9.298,0.32542
835,-0.65341,-1.1725,-6.0401
836,-9.8937,6.4372,5.3914
837,-4.2758,8.4617,-3.3104
838,-7.131,-4.4087,-7.2457
839,-2.9295,-9.2909,5.7751
840,-4.5666,-0.81493,-5.6528
841,-0.57748,6.3269,4.0498
842,5.431,0.78882,6.0759
843,-9.5873,-6.1247,-0.48665
844,-5.4484,6.481,6.2834
845,9.6706,-4.3259,-0.55272
846,-8.8078,9.2253,-1.2246
847,1.9101,0.9456,1.6825
848,9.9656,-9.4298,-9.4045
849,2.0157,2.4175,-9.2869
850,-8.9473,7.2707,-2.1645
851,-7.5065,4.2135,7.6878
852,7.9029,9.037,-1.1117
853,7.3683,9.2827,3.7753
854,0.97558,2.7781,6.5749
855,-4.7484,3.2118,4.906
856,0.20695,-5.081,-5.2979
857,-4.9245,-7.4245,6.4594
858,3.8027,4.6332,-8.1759
859,2.0825,-0.78639,9.5241
860,5.7596,-8.6856,6.6066
861,-0.24723,2.2545,5.4839
862,-9.2328,7.4297,3.1894
863,5.8004,4.0544,-9.6322
864,-5.8125,7.6084,8.7126
865,-5.4672,5.1284,3.2323
866,0.83276,0.087111,4.201
867,6.4519,6.2086,-9.6445
868,8.9819,-9.3592,-6.4881
869,-5.1845,5.9162,-7.5047
870,7.9239,6.3933,6.5544
871,8.2206,-0.079065,0.3195
872,4.8884,-4.0807,-6.022
873,-2.5148,-4.0011,2.173
874,0.95708,-1.4069,-4.5079
875,-7.2473,-0.2986,-7.4034
876,1.5055,3.8246,4.3046
877,1.5123,-9.912,8.01
878,1.6695,-3.5204,3.8417
879,8.4046,-3.468,-6.3847
880,0.66202,3.7253,9.2152
881,-5.1821,-9.1403,8.9371
882,0.9047,1.6081,1.4871
883,-7.4525,-7.3954,0.55496
884,-8.5044,-4.7282,-9.0917
885,6.6122,4.2286,0.41846
886,4.4631,-8.534,3.5844
887,-8.3218,-2.9614,1.135
888,1.1516,-6.5421,0.75458
889,0.50211,5.2731,3.4847
890,0.14623,-4.9494,-1.9018
891,-9.3519,-8.5312,-5.5876
892,9.2074,7.3567,-9.2227
893,8.553,1.7146,1.7603
894,9.2883,-2.1253,-2.2156
895,0.66764,4.3997,-5.6155
896,-7.4672,-5.5648,-5.0192
897,4.6458,5.4406,0.14584
898,8.9947,-1.8524,2.8709
899,-4.8147,-8.5099,9.3835
900,-4.3246,8.7124,3.5375
901,-1.0589,-1.2616,-4.4502
902,-6.8276,-9.7904,-0.33591
903,1.3716,8.7125,0.21319
904,-1.0093,-3.6108,-7.2539
905,7.7485,-6.1394,3.6864
906,-5.7034,3.2256,1.5125
907,-6.641,-4.9767,2.7013
908,-0.087322,-7.4678,-2.8918
909,0.33251,5.8148,3.0332
910,-1.8761,-6.9153,-5.5382
911,-5.2641,0.13001,-2.2296
912,0.72727,5.7318,-2.8617
913,9.2428,-5.3526,5.155
914,-4.8713,5.1303,-1.7088
915,-4.3362,7.2156,-4.1011
916,-9.3707,-0.95167,-6.3192
917,7.5221,2.2722,7.2343
918,-4.5123,5.0797,9.8756
919,-8.8048,-2.2981,-7.1826
920,5.041,5.2422,-3.7244
921,8.5838,-4.9768,6.0466
922,-1.5214,9.7252,9.1247
923,-3.4979,8.5417,5.189
924,3.7765,5.5211,8.5307
925,-5.8588,1.795,-8.2143
926,1.0304,-3.7547,7.3371
927,-0.10931,3.8045,9.6795
928,1.7472,-4.304,0.83244
929,6.7048,-1.2708,6.9724
930,3.6826,6.3839,-2.362
931,7.6477,-9.3214,3.609
932,-4.4129,-3.2519,-0.97643
933,-5.0009,-1.28,2.3873
934,-6.2378,-4.3836,-8.1649
935,-9.8329,8.9474,8.0692
936,3.1491,-2.2886,-9.6949
937,-2.5637,6.2671,1.105
938,-6.6775,8.8474,-7.9546
939,-4.8164,-8.702,9.3131
940,-6.35,-7.626,-0.018427
941,-6.4386,8.8584,9.6974
942,-5.4446,-6.0454,1.6752
943,-8.0718,-1.5095,-0.017191
944,0.8821,-3.585,-2.1025
945,6.7239,8.0515,7.2637
946,-3.0672,5.8566,-3.2592
947,8.252,-1.9842,4.5754
948,3.6784,4.3593,-7.817
949,6.5207,6.023,5.3184
950,8.4971,4.223,4.5403
951,4.3789,3.2285,5.3342
952,5.4086,-0.94637,8.9371
953,-8.5196,1.7315,-7.7334
954,-6.2263,2.7857,-6.0288
955,-3.719,-3.1503,-8.4349
956,-3.3122,6.3203,-2.7569
957,-0.6939,6.5728,-0.60899
958,-8.0948,-9.5376,0.44052
959,-3.1155,5.0677,-3.556
960,-8.5368,1.4016,8.1808
961,-3.5317,-1.7573,2.8022
962,3.23,4.3957,5.2289
963,-9.9416,-6.795,-2.0733
964,-4.3127,-6.3522,9.5876
965,-8.5431,8.6075,-5.1402
966,4.2152,3.2859,8.8204
967,6.8254,-8.1689,3.5798
968,9.5666,-3.0406,0.65121
969,2.3434,-8.8195,-0.93138
970,-5.502,8.8913,-3.344
971,-5.4338,-5.1601,3.0277
972,-0.12946,9.2324,-7.8936
973,8.6269,6.2218,-4.9322
974,2.5611,0.18186,8.5958
975,-6.372,-9.2105,-5.874
976,0.32019,-8.8429,6.349
977,-1.8175,-7.9611,-3.005
978,7.3814,0.57079,4.635
979,-7.9117,4.2617,-9.6483
980,-5.6475,9.8226,3.8482
981,5.1866,-5.3005,-2.4162
982,9.4649,5.423,5.6667
983,6.1766,-0.52897,0.66528
984,1.4087,-1.6855,8.301
985,6.1921,-4.9861,-8.039
986,-2.4272,6.7837,0.46194
987,-5.2038,0.38469,-1.1237
988,-1.1533,-7.7212,5.9778
989,-4.1391,-0.077327,4.2596
990,2.8872,-0.22747,1.7218
991,8.3225,7.381,4.7152
992,3.4279,-9.7304,1.3779
993,5.6746,0.6578,1.1728
994,8.398,7.7922,1.0551
995,4.6396,0.52751,8.9096
996,-0.87333,-7.68,-3.2281
997,4.8439,-2.7622,-0.14893
998,9.8118,-3.5957,-6.8992
999,3.4771,-2.0989,-9.6644
1000,4.5427,-8.5467,0.72957
1001,-7.2934,8.7462,5.2301
1002,6.3469,5.6971,8.6053
1003,8.5836,8.2787,-5.1244
1004,-8.3412,6.2507,4.6488
1005,8.4443,4.7466,4.1665
1006,5.2003,-7.8025,-0.07014
1007,-4.9465,1.4517,-4.0193
1008,-9.3044,-9.9109,8.2668
1009,1.8666,7.4596,8.6611
1010,-7.2001,-1.9164,-8.6646
1011,7.6128,5.0156,1.4718
1012,2.8696,-9.7818,7.6078
1013,-9.1762,8.4522,9.5055
1014,-6.1118,-0.25779,9.5557
1015,2.4903,-5.0021,-2.4135
1016,0.53305,-1.1962,8.3373
1017,-4.1949,-3.1874,-6.4478
1018,-2.0976,8.7838,-6.636
1019,-5.0686,-3.9702,-2.7573
1020,9.9678,-9.0911,-8.06
1021,7.6659,-0.16755,9.8186
1022,4.8194,9.8266,3.5964
1023,-5.0692,-0.49489,0.87731
1024,-8.2224,2.7552,8.5953
1025,-8.0774,3.4883,9.9495
1026,7.6295,5.5536,6.2294
1027,-5.5218,-3.4568,-7.9534
1028,-8.8993,7.8381,-8.3765
1029,2.175,-9.2267,-1.715
1030,5.0808,-8.2731,1.095
1031,8.1107,1.9591,3.3392
1032,-0.31946,-9.4507,5.8824
1033,4.3709,1.7818,3.1025
1034,-9.0632,4.5693,-3.3658
1035,-3.9092,6.2884,5.7445
1036,-8.2569,7.6735,-5.5188
1037,-1.9933,7.3298,-4.9037
1038,-6.0129,8.9613,-2.9948
1039,-0.029263,-7.4952,-1.0894
1040,-5.1642,4.3511,-0.60077
1041,-6.1745,6.1123,8.1646
1042,2.0357,-0.25163,-9.5703
1043,-0.38788,-4.8995,7.5681
1044,-2.3694,-2.9529,2.9979
1045,-1.6198,-2.3892,-1.5088
1046,8.9391,-8.3795,-4.9341
1047,2.225,1.0116,7.2613
1048,-5.964,7.3587,9.6017
1049,-4.6643,1.987,-4.4238
1050,-4.0059,-5.9134,9.2178
1051,4.2292,-8.8369,-3.8082
1052,0.19035,2.9593,3.25
1053,-5.7476,1.9907,6.0473
1054,1.6112,-8.1547,-1.9242
1055,7.5144,7.7437,9.6234
1056,-7.4734,0.85229,-3.1413
1057,9.8491,-5.7046,-7.8066
1058,1.4662,-2.784,-6.8492
1059,-8.4897,-9.6861,-8.3518
1060,8.494,-3.3208,2.3323
1061,3.226,2.3725,2.07
1062,-4.8327,-7.0332,-3.0685
1063,-9.7738,3.0183,-2.2406
1064,6.5566,-9.6233,1.9156
1065,-6.0638,-6.8347,0.17939
1066,8.2078,-5.3636,4.3861
1067,-4.7587,9.2115,1.3396
1068,-3.8493,-8.4207,5.3216
1069,-1.42,-7.0887,7.3505
1070,6.9904,5.2597,-5.014
1071,-2.4738,-9.0121,-6.8412
1072,3.3817,-9.243,-3.741
1073,4.6237,5.785,-2.2159
1074,7.8934,0.86372,-5.9051
1075,8.7705,-6.5359,1.4052
1076,7.447,-5.1336,2.4306
1077,-0.94901,-3.1049,-1.8587
1078,1.0167,5.1904,-1.1144
1079,1.5484,-6.9207,-9.7515
1080,-0.28839,6.5532,-2.6686
1081,8.2811,-2.2841,-5.2518
1082,5.7269,4.9732,-9.9532
1083,-8.1335,2.5839,6.738
1084,9.8187,-5.6713,1.766
1085,-6.1748,9.7453,7.0847
1086,-4.6122,-5.6114,1.6017
1087,-6.9763,8.0976,-9.9496
1088,-4.7296,2.596,1.2653
1089,-2.5447,5.029,7.6353
1090,9.4777,1.3044,-9.4452
1091,-6.6614,2.5141,-5.1992
1092,2.2037,-8.4833,-8.4314
1093,-1.0423,1.6633,-4.07
1094,1.7405,-6.3657,6.9728
1095,-8.927,2.7027,-4.9174
1096,-3.8134,8.8788,1.2156
1097,-8.1818,-2.0622,-2.5583
1098,-0.73103,-6.2341,7.0158
1099,7.8397,-0.35865,0.331
1100,6.4277,3.2429,-6.8811
1101,7.4431,3.0903,-8.0617
1102,-2.0081,-3.9741,-8.7916
1103,0.18676,0.34691,-4.9216
1104,-4.8559,8.9562,-8.0054
1105,2.1398,1.8443,-2.2928
1106,-1.0738,-1.818,3.1294
1107,-0.071872,-5.5793,-6.0578
1108,0.81926,-5.6873,4.9188
1109,1.6092,-7.0967,9.0287
1110,-0.70678,2.8442,5.5504
1111,5.9697,-1.9148,7.0698
1112,-1.8153,1.2452,1.5322
1113,-9.1274,1.5552,-9.1229
1114,6.6682,-0.42258,0.53581
1115,-0.30418,1.6819,2.0122
1116,-0.43052,-3.8118,6.1061
1117,-6.4633,-8.8527,0.75909
1118,-1.1399,6.774,4.5051
1119,-7.1306,-9.7248,6.3048
1120,-9.1752,7.2942,1.511
1121,9.2633,-9.1883,1.2933
1122,-4.761,3.0842,7.9205
1123,-7.278,8.805,1.0181
1124,3.7611,-4.6709,-9.4403
1125,-2.5214,1.6115,-3.3053
1126,2.4616,5.7864,4.9981
1127,4.1289,2.6571,7.3085
1128,3.2422,-9.9582,5.3727
1129,-5.4617,-1.9268,4.6543
1130,5.6675,-8.7563,-3.5348
1131,-8.5806,-3.2833,5.2171
1132,5.7629,4.2879,-3.839
1133,-6.7531,2.7281,0.4695
1134,-1.8998,4.7654,6.2918
1135,-9.876,-4.1074,5.841
1136,-6.743,7.477,-5.9565
1137,3.5572,-1.4769,3.092
1138,5.0029,4.341,6.2698
1139,8.2038,-7.694,-1.8451
1140,-1.5955,3.5206,-1.2647
1141,2.2066,7.6987,8.7212
1142,-0.15914,9.754,-5.4951
1143,-9.4918,7.6915,-1.5438
1144,-1.0345,9.8929,2.7839
1145,3.789,-1.0895,-3.2468
1146,3.5375,-0.54763,-2.7183
1147,-4.1313,4.6624,-7.151
1148,7.5495,9.5595,-1.9623
1149,5.4245,-6.1923,-8.6521
1150,7.0744,3.3361,7.4639
1151,8.743,7.7555,-9.2492
1152,-5.2999,-5.9501,-4.1611
1153,4.3457,7.0239,8.4379
1154,-9.121,-1.2,5.3682
1155,-3.9275,9.1275,8.7668
1156,-0.33903,-9.8148,-8.9188
1157,-2.7116,-1.4069,0.8555
1158,-6.0305,-7.0261,-5.1749
1159,3.9737,5.3638,4.5151
1160,8.506,7.8371,9.4145
1161,-8.0028,-9.57,5.1467
1162,-5.3972,-6.516,-7.6127
1163,-4.3031,-4.5552,2.2003
1164,3.3595,-0.55257,-5.1144
1165,-2.2677,4.5876,4.2684
1166,5.312,-3.2487,6.9243
1167,-8.0871,-7.7542,-7.907
1168,-0.79639,0.74094,-4.7437
1169,-4.1477,4.1587,-3.5374
1170,0.26831,-3.2455,7.4392
1171,-7.2851,4.1591,7.1555
1172,-1.0801,-6.2363,-8.6748
1173,0.32776,-9.1304,-0.64931
1174,-3.1159,2.9245,-2.8103
1175,1.093,7.1636,-3.8259
1176,4.2858,-7.8347,1.6614
1177,3.2776,5.0905,0.011376
1178,-2.8866,2.2621,-9.0338
1179,-8.4684,9.7921,9.886
1180,6.6734,7.963,5.9552
1181,8.5249,7.7401,-0.43199
1182,-5.3167,5.9256,7.1905
1183,-9.9695,0.6183,9.9463
1184,-0.40726,6.1525,7.1944
1185,2.3068,3.322,-2.7448
1186,3.0569,4.5171,-2.4425
1187,2.0712,9.051,9.0335
1188,3.5733,3.971,1.1254
1189,4.6649,-9.3153,-7.5129
1190,6.8682,7.1901,-6.5459
1191,1.5024,3.6126,-0.75126
1192,-9.3335,1.3682,4.368
1193,8.6527,4.2241,0.41753
1194,-1.6554,-0.042315,5.5907
1195,-0.65583,-4.4352,4.8786
1196,2.3813,-9.4561,-3.8908
1197,-4.4708,-9.8316,-7.1305
1198,8.1884,-3.1481,-7.6283
1199,3.1581,-4.1632,-1.2169
1200,-7.3302,1.0316,-6.5746
1201,-2.5297,-3.1455,-5.3902
1202,-5.7351,6.0297,9.4043
1203,-1.1335,-3.099,-1.6186
1204,-5.8745,-9.9762,-8.8305
1205,-8.0417,0.07541,0.28217
1206,-3.5908,-8.196,-5.1993
1207,-7.3103,3.1183,-5.6399
1208,-9.2995,8.9812,9.8304
1209,-0.032127,6.9821,3.3906
1210,2.0927,-8.6644,-8.0137
1211,-6.0706,-5.5002,4.4157
1212,-2.9895,3.6449,0.20984
1213,-0.92871,-6.3135,-4.2814
1214,-4.9432,-6.3896,3.5583
1215,-3.2394,4.1129,-4.9043
1216,-4.7831,-7.9,7.8837
1217,3.2523,-9.2827,8.3411
1218,-2.2113,5.5266,-1.6735
1219,-0.68426,-0.06437,0.24464
1220,-4.8205,-8.2566,2.9706
1221,1.5779,7.5403,8.5184
1222,-1.6869,9.8883,8.1351
1223,-0.85633,1.3843,-3.4009
1224,-5.8087,-8.7812,6.0828
1225,0.23381,-0.48762,-7.4661
1226,-1.5793,-9.2691,8.2492
1227,0.76327,-1.338,1.7561
1228,0.31056,-4.4701,-2.0393
1229,4.2463,5.7497,-3.2355
1230,-3.0914,-2.1729,6.4333
1231,-5.4152,-2.7183,-7.9085
1232,8.3789,-5.8916,7.7196
1233,-2.1183,-5.4068,-9.6315
1234,6.3029,1.7382,-9.5097
1235,7.6098,-0.11277,7.6348
1236,3.0378,-6.6565,-5.99
1237,5.3495,6.6296,-0.98058
1238,7.9507,-6.0112,-2.4879
1239,-0.030281,5.542,-5.5246
1240,-1.5648,0.33331,8.7581
1241,4.5708,-5.9552,4.8751
1242,1.5689,8.0928,-5.1755
1243,-8.5978,-0.85386,-9.9337
1244,6.1412,2.2255,-1.1574
1245,-5.9591,-8.1786,0.21348
1246,-5.6998,-8.331,5.3273
1247,7.4858,1.101,-2.9574
1248,6.2047,-9.8517,-6.3294
1249,5.7431,-5.1276,3.0643
1250,9.5695,-6.5155,-0.22184
1251,8.7149,8.8539,5.9396
1252,-7.4137,4.5706,5.9003
1253,-0.63499,-1.358,8.1028
1254,-3.9167,-1.7982,-9.3344
1255,7.8098,8.7316,5.1844
1256,-7.2537,-0.57732,8.0238
1257,-9.0406,-0.76131,-4.3876
1258,9.5492,1.6145,0.054155
1259,1.2973,-6.8987,-9.3927
1260,-4.3023,2.9915,-2.9438
1261,-3.3639,-1.7795,-0.11381
1262,-7.2323,8.2327,6.8113
1263,9.8253,8.2532,9.8231
1264,7.4143,-3.6535,7.246
1265,-5.1671,-0.45864,0.14532
1266,-3.3512,-7.99,-8.972
1267,-6.6917,2.0554,1.8045
1268,0.26067,-5.9971,-1.07
1269,9.5944,-5.3032,-3.8578
1270,1.9255,-0.87519,-8.1086
1271,3.2892,-0.67606,-8.4806
1272,3.4235,-5.4371,1.6248
1273,-6.1776,-7.5378,2.5988
1274,-5.1823,1.7389,-3.0012
1275,0.018226,-3.75,6.8371
1276,-0.66108,-9.5665,-7.9864
1277,-3.5181,-7.9357,9.1372
1278,4.4007,6.3462,-4.7481
1279,-4.4807,-9.4184,-1.8186
1280,7.9117,5.0133,1.2033
1281,-7.5452,-3.9127,-9.8243
1282,8.4327,-1.8986,-6.9333
1283,-7.9297,0.41799,-0.012752
1284,-6.1404,3.744,-2.5443
1285,-0.9531,-3.8091,1.6807
1286,7.647,2.5502,8.227
1287,-3.8494,6.1981,6.6209
1288,3.1485,-1.818,3.7052
1289,-3.2213,9.4466,-6.776
1290,-9.6772,2.9454,-2.2068
1291,2.4886,5.7694,-0.24044
1292,-5.2386,-9.8777,1.5089
1293,-6.1093,-5.6618,5.2618
1294,6.1771,1.5155,-3.1267
1295,2.347,9.068,1.2811
1296,5.9088,-8.7911,3.6027
1297,-4.6931,9.3419,2.6922
1298,-9.0565,-0.35609,0.91579
1299,7.069,-4.2126,9.4351
1300,5.2866,-0.9324,4.8736
1301,-9.91,4.0554,2.5874
1302,3.997,-5.7928,5.9824
1303,-5.1668,-7.2669,-8.148
1304,-2.8065,-4.6361,-5.8111
1305,5.6149,6.334,-6.3044
1306,9.7303,7.7475,-3.4138
1307,-5.0887,-7.8735,-0.71173
1308,-0.65001,-1.6924,-7.8359
1309,-1.9933,3.923,-2.9224
1310,1.1652,-1.2009,-5.5102
1311,0.58529,8.5813,5.9592
1312,3.1605,7.8964,-8.2132
1313,-0.065412,3.0696,-0.93204
1314,3.7077,9.1191,3.1707
1315,-3.7429,-5.3555,7.8415
1316,-5.7125,5.5306,0.36107
1317,8.1435,4.0971,1.7972
1318,1.1521,-0.27162,7.3302
1319,-9.4197,-2.9644,1.5163
1320,-7.5607,-6.8811,-6.7288
1321,3.628,2.6462,3.1598
1322,6.1742,3.8157,5.272
1323,6.4696,-6.9126,3.3305
1324,-1.3381,-7.1608,2.4424
1325,1.6086,4.0922,-6.9555
1326,6.1513,5.203,-0.19552
1327,9.1517,2.9563,-0.51938
1328,7.595,-6.3675,-4.8084
1329,-2.2298,-7.6777,1.3458
1330,9.2297,0.1871,-7.0715
1331,-7.259,-0.8538,0.77525
1332,8.1748,9.019,1.5645
1333,0.42623,-1.5431,6.738
1334,4.2978,-0.29283,6.3088
1335,5.6934,-7.7529,-8.6571
1336,-3.3064,9.1973,3.6814
1337,7.5537,-4.1822,-2.8656
1338,-4.8398,1.8006,-7.8739
1339,-8.3285,7.3778,-7.4826
1340,5.1874,-7.8201,-9.5026
1341,7.9016,6.5473,-9.1076
1342,8.529,-3.2235,9.1461
1343,-2.5186,2.4759,2.7703
1344,-3.1708,9.6598,0.23125
1345,-4.8863,2.5959,9.6938
1346,-0.58415,8.3433,3.2389
1347,9.3435,-4.8235,-1.0471
1348,-0.022681,-7.3326,8.366
1349,-5.2185,-0.97124,2.7364
1350,-5.8417,1.259,4.8919
1351,8.5342,-9.603,-1.5037
1352,3.7587,9.8284,2.3366
1353,4.0956,-2.8717,4.2581
1354,1.7779,-9.0427,2.1302
1355,2.3745,-6.5215,-1.0667
1356,-9.08,7.8737,-9.5471
1357,-2.8768,-2.1418,-1.0622
1358,-8.4048,4.6173,1.6636
1359,-3.4846,-6.7831,-3.1664
1360,4.2114,2.2689,-0.83723
1361,-8.5504,5.2678,-2.3625
1362,7.9802,4.1345,9.5756
1363,-2.9138,6.336,-6.3875
1364,-8.2045,-5.5301,0.3044
1365,-7.9905,-6.6639,1.7315
1366,-7.0605,7.6004,9.7961
1367,4.0961,-2.793,9.4829
1368,8.8628,0.85768,-2.5849
1369,5.2108,6.3523,-8.889
1370,-2.1558,-6.7164,1.628
1371,5.3563,-1.106,-5.2052
1372,6.7186,-2.4134,-1.294
1373,-8.7704,-6.8256,7.8368
1374,-3.7891,4.8382,3.1292
1375,4.8456,9.9031,7.0687
1376,-4.7915,-9.3613,-6.9005
1377,8.2106,-9.3472,8.421
1378,-5.155,-6.0403,-5.5449
1379,5.7449,5.2757,1.8779
1380,-2.0211,9.9544,-9.7566
1381,7.7592,1.5709,2.7613
1382,-4.2374,-5.6241,-3.5556
1383,1.5279,6.991,-0.99614
1384,-9.6925,-1.0826,-2.3601
1385,6.1038,-8.2866,3.7799
1386,-9.3287,4.774,4.3368
1387,2.8182,-8.348,9.6696
1388,1.273,-8.0931,-3.9803
1389,8.5682,8.5905,4.8228
1390,8.3823,6.2985,9.7065
1391,-5.0224,9.6729,2.5462
1392,-4.6897,-5.9441,-0.14886
1393,3.1485,4.3011,3.4994
1394,-4.3546,-1.1812,-6.9455
1395,-6.4835,5.2729,-7.2296
1396,-6.5474,-4.2096,-5.3537
1397,-9.4426,-2.4816,6.6385
1398,-0.65826,5.0307,2.6081
1399,-0.22874,3.591,-7.9543
1400,-1.5258,-7.0614,-1.2096
1401,9.7673,-9.5734,-1.4159
1402,2.8707,-5.8666,4.9361
1403,1.2451,-0.49164,-2.4331
1404,-8.2709,8.0293,-6.8992
1405,-0.95294,-9.6344,3.3466
1406,-8.6055,-8.5823,8.9166
1407,-0.25688,0.55612,8.2041
1408,-9.6882,-9.7456,-5.9357
1409,-7.1695,9.9713,0.76087
1410,2.3786,-0.2076,2.2813
1411,3.523,6.4742,-0.48431
1412,2.0745,9.3393,-9.1109
1413,-4.9805,-5.1719,0.20887
1414,-8.6763,-5.5978,-0.70552
1415,3.5455,9.3994,7.6722
1416,5.3668,-3.1899,7.8861
1417,-7.6145,-5.8605,7.9862
1418,4.7912,-6.5518,-7.5851
1419,5.4638,-3.8557,-6.3117
1420,-7.8005,-1.4737,-5.0811
1421,-0.27061,-7.6961,0.62381
1422,-9.8855,-2.4949,-1.2441
1423,2.5182,5.6504,8.0036
1424,7.1797,-2.2809,4.6855
1425,7.2035,-3.98,5.218
1426,8.7455,4.3055,6.0886
1427,5.6768,8.0487,2.8027
1428,-1.3592,5.8995,6.2336
1429,5.4804,2.573,2.4562
1430,9.6711,-6.7228,3.6132
1431,-2.655,4.979,2.2663
1432,-9.2821,1.8477,-1.9527
1433,0.15482,-4.3282,-5.9634
1434,-2.95,-0.37835,-9.2534
1435,-6.4788,5.5362,-6.9736
1436,8.686,-5.4639,1.9591
1437,-7.6076,-8.4927,-9.2549
1438,3.0852,3.4629,-7.4102
1439,-6.6254,-1.7736,8.7413
1440,5.9288,-1.345,7.3177
1441,-4.8379,7.7499,-2.2048
1442,3.9601,-8.9231,-9.9276
1443,2.5579,-4.5871,5.5031
1444,4.316,-6.5944,-0.99697
1445,-4.9834,-7.9454,0.84286
1446,0.080487,2.0038,-1.9137
1447,-3.1573,-4.0258,-1.3502
1448,-6.394,2.3861,-4.5965
1449,-0.48986,8.773,0.4488
1450,8.2425,4.8544,-8.8544
1451,1.3588,8.0745,-5.1391
1452,2.6178,-9.0583,-6.8711
1453,0.98499,7.0465,-2.3683
1454,-9.0994,-7.9831,8.3178
1455,7.3733,-6.8892,-8.615
1456,-7.5041,4.7427,0.14839
1457,4.7282,-8.3339,6.8318
1458,-0.96485,0.30224,7.088
1459,4.2055,-7.8504,0.28463
1460,7.2226,-0.27748,-8.5747
1461,3.9314,-3.7667,-6.8704
1462,7.0781,-4.8463,-8.1266
1463,-0.2586,4.9106,3.5305
1464,-8.164,4.3524,2.8069
1465,-2.4282,5.683,-7.9018
1466,-6.1716,-0.0067473,7.8335
1467,5.2703,8.4929,-0.2402
1468,3.9074,7.3505,-1.1185
1469,1.5906,4.1718,3.2091
1470,5.3768,3.4421,9.5996
1471,-2.6127,-1.2531,-3.6411
1472,-2.6165,-4.5635,6.1238
1473,4.0042,-0.85272,-5.0616
1474,-0.95394,7.4635,-7.5329
1475,6.2383,3.0929,9.603
1476,-6.9078,-3.148,6.7137
1477,1.7971,1.8065,-9.2375
1478,-2.5286,1.8368,-0.96558
1479,-5.0584,-9.8999,7.5926
1480,-4.9134,-4.7076,-3.6739
1481,4.8749,6.4543,8.2333
1482,-3.4227,-1.2164,7.4408
1483,-5.4417,-8.8676,-1.4231
1484,8.1071,-0.059963,-4.4736
1485,-1.6741,2.5119,7.1467
1486,0.68793,-0.78713,-2.863
1487,-2.5588,-1.5721,1.6991
1488,-5.3229,1.4486,7.4592
1489,-7.9531,1.4418,-9.474
1490,-8.8964,2.3355,6.4175
1491,7.4574,3.3136,-4.5942
1492,-6.5406,4.6894,-7.2298
1493,0.77903,-3.1347,2.7105
1494,9.5745,-1.1974,-4.1375
1495,-6.6534,0.5052,9.4646
1496,1.9153,-5.0125,3.2887
1497,5.0273,-3.8763,4.261
1498,-8.4023,-9.432,-3.622
1499,-0.94546,0.69239,-1.5784
1500,5.8365,9.5459,4.5807
1501,4.4356,-7.1241,9.0316
1502,3.5713,4.4718,-0.99688
1503,5.3338,-5.387,-8.4566
1504,1.6421,8.9257,-1.3981
1505,-2.5021,-6.3038,-8.6559
1506,-1.0581,-0.65365,8.0878
1507,-4.3915,-2.7564,9.9915
1508,-3.2149,7.9032,-3.9136
1509,7.6033,-9.5325,-0.98887
1510,0.727,-3.0653,-5.4908
1511,-8.5251,9.5865,-4.6099
1512,3.4454,-9.4721,-9.2343
1513,4.5951,7.2814,-1.1392
1514,-2.0878,5.5004,-9.6287
1515,-3.0493,9.7229,6.9774
1516,-7.8493,1.2874,0.50559
1517,0.93259,7.4287,0.38747
1518,-4.7436,-9.4756,9.8797
1519,8.3603,-2.048,7.8562
1520,7.0129,-4.9366,-5.7726
1521,3.0722,-7.0531,-5.8198
1522,7.5168,-9.8854,0.78367
1523,9.3782,-8.6147,2.5386
1524,1.8157,-8.667,7.5459
1525,9.6026,5.0528,-5.668
1526,0.98525,6.6761,-9.2256
1527,-4.1281,-4.7098,-9.2679
1528,-0.17527,4.4729,0.16893
1529,-1.8983,-5.7115,-8.5707
1530,1.9955,2.5481,-6.0992
1531,-0.38605,5.428,-9.6325
1532,-4.2659,5.437,-2.9231
1533,2.5038,5.0357,5.1247
1534,6.108,3.3785,6.8881
1535,-8.425,0.94388,0.63064
1536,-1.5275,2.9919,3.0578
1537,2.9,4.2691,0.47842
1538,-9.8543,-3.652,2.1622
1539,7.5138,3.4141,4.1122
1540,3.8804,3.9663,-5.1825
1541,4.9954,-3.8863,8.5692
1542,0.46591,6.4803,-2.1482
1543,9.5093,-8.6212,4.9638
1544,-6.9383,-8.3113,-8.7917
1545,9.1163,-3.3159,9.3524
1546,9.912,9.105,9.9878
1547,-8.4289,-2.4012,6.1659
1548,-3.2623,-6.581,-4.1729
1549,9.8549,0.34758,-9.8957
1550,-1.4648,6.5096,5.1472
1551,6.467,-1.995,-4.4633
1552,-4.2377,-2.0817,-9.7491
1553,0.24189,-3.5378,5.7065
1554,-0.67791,8.126,0.3585
1555,-3.3411,-4.43,8.5808
1556,0.54164,7.2095,-4.3977
1557,-8.3898,4.7028,-6.3045
1558,-5.5761,1.3478,-4.6243
1559,-3.2808,3.957,-9.145
1560,9.3775,-7.7347,-0.98021
1561,-1.1849,-0.10941,-5.48
1562,9.2263,3.9547,-1.0019
1563,1.4724,-3.6136,-7.0637
1564,-9.0677,-7.328,-6.327
1565,3.1743,-7.7125,-4.9575
1566,-9.7045,-7.3229,-9.8116
1567,4.8494,1.1661,-9.1117
1568,-1.5859,-9.1302,9.7951
1569,0.67769,-6.5607,-9.6139
1570,5.7766,3.1641,5.1788
1571,8.1119,-5.9523,4.2845
1572,9.7376,-0.25954,-1.8664
1573,6.0415,7.3016,-6.3447
1574,-9.9491,-9.3429,-2.8606
1575,2.0017,8.6645,-6.5112
1576,-4.2231,-4.6508,2.2136
1577,4.1943,-7.511,-8.9313
1578,-3.8891,-3.186,-1.0257
1579,1.1173,5.3117,4.6596
1580,8.3614,-8.1889,-4.9136
1581,-5.0426,-3.7976,-6.6655
1582,-7.7632,7.8183,-4.8733
1583,0.27082,7.8829,5.6868
1584,8.2743,-4.5853,-8.2837
1585,-6.4152,-3.2923,0.75133
1586,-4.8824,-8.4448,-7.4689
1587,-9.3201,-6.6059,1.6174
1588,-9.6926,-4.3984,6.708
1589,0.84437,-3.7121,8.2034
1590,7.1072,5.7936,0.46531
1591,-1.0695,9.6565,-3.6975
1592,-5.2873,-2.1064,2.9262
1593,8.7307,5.7558,7.7821
1594,2.3842,-5.9141,-2.1562
1595,7.2915,6.9654,1.3635
1596,-7.4377,4.1036,-9.8682
1597,-1.1752,8.3824,5.8762
1598,7.1511,-6.6178,0.41598
1599,7.9639,8.597,0.62384
1600,7.5453,-6.9835,-3.2878
1601,2.5094,-7.2881,5.3716
1602,5.1622,9.9094,9.501
1603,3.51,6.8571,4.2256
1604,6.9033,3.6069,5.9257
1605,2.6489,6.8699,-7.744
1606,-6.5622,-9.1664,6.6191
1607,3.0104,-1.9195,-9.7557
1608,-0.8932,1.6291,-4.0407
1609,-8.823,3.4002,5.4557
1610,0.71726,2.4391,-2.2235
1611,-1.2142,7.43,3.1699
1612,7.4945,1.0494,9.7117
1613,3.2145,6.6891,-9.7823
1614,-4.7842,-2.3135,0.47882
1615,-5.6647,7.8094,7.7793
1616,-8.0535,-6.5761,-3.8109
1617,-0.61712,-3.8193,2.9408
1618,-3.004,-7.0209,1.3792
1619,1.547,4.2412,4.4698
1620,-8.8612,8.5506,8.161
1621,-5.0017,-4.7059,7.6412
1622,0.24589,0.024162,8.6179
1623,-2.4808,-2.793,6.0721
1624,2.538,-5.4103,0.61308
1625,-2.5356,4.5779,0.67794
1626,-0.79374,-5.2424,-2.3316
1627,-5.3157,1.2345,-5.2206
1628,-4.0082,-6.3422,3.5607
1629,-7.6943,-3.368,-2.6474
1630,5.4488,-5.9939,1.1376
1631,5.8777,-3.2,2.0887
1632,-9.1213,-4.1993,-1.3166
1633,-6.7808,7.2011,0.47346
1634,6.0572,-7.5182,-2.3583
1635,8.2095,4.8703,7.0544
1636,-2.6162,-2.0169,7.9078
1637,3.5062,9.6693,1.0887
1638,-6.2001,9.0355,8.1414
1639,7.4246,-5.095,-8.7362
1640,6.4941,0.90967,-8.093
1641,-4.9997,-1.3849,1.0435
1642,1.857,-7.3447,9.7108
1643,4.7153,8.057,7.5755
1644,7.6769,-5.0226,2.3782
1645,-0.64544,6.6998,-1.2836
1646,-7.3076,-8.5822,-0.15645
1647,-7.8121,-2.9396,-1.9357
1648,0.59355,7.462,7.5293
1649,-9.0142,-2.9751,4.5133
1650,2.4179,9.7813,-9.2356
1651,-9.3334,-3.6834,8.3166
1652,-9.5763,-3.8643,-5.7362
1653,-8.4958,7.5162,-5.497
1654,-2.6394,1.5919,4.6422
1655,-2.365,-4.081,6.6369
1656,5.3394,-6.2805,-5.6487
1657,6.9189,6.4517,7.3617
1658,4.544,7.1367,-8.5859
1659,7.6887,4.5716,-0.62376
1660,1.498,-3.58,-2.382
1661,8.7977,2.637,-1.8752
1662,8.1358,1.4587,3.0517
1663,-1.0313,-0.38159,8.9807
1664,-0.40548,-9.4704,1.634
1665,7.1332,0.41928,-5.1874
1666,-2.0319,-5.3997,0.48893
1667,8.84,-0.68444,2.2455
1668,-4.1338,-9.116,-2.7893
1669,-4.8199,-1.3268,-3.182
1670,-7.8214,9.2972,9.8261
1671,-5.0591,3.3065,-3.4724
1672,0.75507,6.0858,4.5715
1673,9.6047,-4.1903,8.509
1674,-5.8454,-6.6799,1.1031
1675,0.9404,-3.7304,3.224
1676,7.5678,-8.5545,9.2649
1677,1.7932,9.574,-8.985
1678,6.7055,-5.9637,8.4881
1679,-5.2143,0.54629,5.399
1680,-8.5384,2.1298,3.6118
1681,9.0593,-3.7799,-9.6391
1682,-7.7535,-7.8309,-3.4981
1683,6.0479,-1.605,1.8402
1684,3.0203,8.4879,2.0512
1685,7.3023,2.0308,3.6412
1686,2.595,-1.6033,8.2843
1687,-4.0364,-6.8493,-6.4318
1688,8.6296,5.6701,-7.3485
1689,3.846,-8.4744,3.1902
1690,7.5327,9.6992,2.6696
1691,6.3098,-5.3582,-6.9105
1692,-7.28,-7.1703,0.79666
1693,3.9882,-3.8053,0.24973
1694,3.6201,8.8283,5.5764
1695,5.1159,6.4177,0.24578
1696,5.993,3.5432,3.6461
1697,8.8289,7.578,7.5997
1698,-8.6971,6.8237,1.6063
1699,0.1723,2.4187,0.21273
1700,-0.0068604,-2.3962,-3.3244
1701,4.0153,3.1646,3.4478
1702,9.9121,5.1997,-5.2495
1703,8.1596,2.3747,-3.2317
1704,-4.0623,-9.7734,-3.317
1705,-3.2849,-9.3037,8.9761
1706,6.4034,-7.7114,5.059
1707,-2.7677,4.988,-2.8801
1708,-3.4925,4.6175,4.7759
1709,-1.1059,7.1398,2.6001
1710,-4.4576,8.865,-7.2178
1711,4.9801,-2.3641,2.334
1712,-0.94648,2.34,5.7943
1713,-6.7215,-3.447,8.6698
1714,9.8092,-1.9986,-9.2331
1715,-3.2401,-0.83979,5.3244
1716,-3.9648,5.3402,-6.2152
1717,-5.4935,1.9207,1.585
1718,-1.4851,7.5297,2.0351
1719,3.9024,-2.294,-8.469
1720,2.0481,-8.0558,4.9719
1721,-6.3708,-6.3756,-0.7456
1722,-4.7088,7.6767,9.4945
1723,1.965,-8.5591,5.8324
1724,7.1609,6.893,-7.6981
1725,-1.7417,8.4348,-5.7022
1726,-5.683,1.2505,-6.8982
1727,-3.5322,8.2,-0.28817
1728,3.8338,3.8518,6.5352
1729,4.019,5.5757,1.1982
1730,-5.533,3.8916,-0.85101
1731,-2.0701,-2.1746,-4.6797
1732,3.9866,2.6683,-8.0711
1733,4.4115,8.6078,-7.38
1734,-7.3897,0.3888,-3.2844
1735,2.1875,-6.4571,-5.1047
1736,7.7213,-3.8656,-0.8828
1737,1.6472,6.3016,1.9322
1738,-3.8558,0.9627,1.0374
1739,4.9028,-0.91657,-9.1366
1740,9.5539,0.75056,-5.4303
1741,8.0925,-2.6084,-6.9286
1742,7.4321,-5.791,7.6228
1743,-9.9942,-9.935,1.9056
1744,1.6523,-9.106,4.786
1745,-4.7456,-5.984,5.1328
1746,6.2601,-9.3864,-1.7776
1747,0.46957,-0.57993,-6.403
1748,7.878,8.99,-2.5589
1749,0.4749,2.8881,-4.4008
1750,7.8227,-9.4211,-9.3962
1751,-1.0056,5.5209,-8.3621
1752,1.23,0.054693,-7.8536
1753,6.2497,5.9395,-8.3224
1754,-1.9366,0.12461,-2.4802
1755,1.3734,2.4876,9.6263
1756,7.9692,-4.7561,5.8389
1757,-0.30755,-1.0525,-9.5288
1758,1.8118,-9.7471,5.4292
1759,8.7276,-2.3669,5.5264
1760,7.665,2.5828,-1.2201
1761,5.1544,8.674,-5.4979
1762,4.2246,-6.5828,0.094823
1763,6.3839,-4.7498,-3.9618
1764,-7.8784,3.4964,0.28519
1765,-2.3793,-0.56479,-3.3095
1766,0.91581,3.5375,-8.0036
1767,7.1702,5.86,3.66
1768,-7.072,2.637,0.32801
1769,4.2808,4.2713,-9.2873
1770,1.8193,8.9416,-7.6569
1771,2.1744,1.7188,-7.8407
1772,-2.5476,-1.1938,-0.19481
1773,8.3164,-5.8118,1.8915
1774,4.2781,7.9686,2.081
1775,3.366,4.2786,1.5066
1776,-5.5707,1.6002,-3.2088
1777,6.2575,7.8655,-9.6074
1778,-0.082914,-1.5955,-8.5111
1779,0.16742,8.3141,-8.8375
1780,-8.3053,0.023154,8.4876
1781,-1.2546,-9.7136,3.6112
1782,7.264,8.9097,7.5093
1783,3.6047,3.4564,2.9786
1784,-6.2115,-2.5917,2.3091
1785,1.6815,-8.3338,-8.938
1786,8.8801,-7.5516,6.8598
1787,0.14921,6.9574,5.5404
1788,9.348,4.5531,6.3052
1789,-2.6747,0.23356,-4.1042
1790,-4.185,6.4635,8.294
1791,6.797,3.3446,5.4655
1792,7.3945,7.758,7.582
1793,-5.9667,2.4796,4.8227
1794,4.389,-3.2401,-6.3311
1795,1.8421,-6.281,-7.9846
1796,7.8902,9.2261,2.049
1797,-7.0111,-3.3058,-9.2873
1798,5.2605,-0.66035,-7.9166
1799,3.7991,6.5711,9.5786
1800,5.9003,8.5011,2.5666
1801,-0.93425,6.3572,2.4721
1802,-5.4314,-0.34523,5.3063
1803,-4.2789,-3.7174,5.1804
1804,-3.9139,2.8317,8.3366
1805,6.8053,7.0909,6.366
1806,0.74315,1.6294,7.8928
1807,1.2717,3.7528,-5.6764
1808,-4.3166,7.5197,-9.758
1809,6.6832,7.3237,-6.8474
1810,4.0986,-7.6726,-6.9035
1811,7.5628,1.4528,1.8425
1812,-7.3695,-3.236,-8.3746
1813,6.992,5.7515,1.7751
1814,-8.9578,-0.16354,6.9811
1815,7.5426,6.1766,-5.6064
1816,-5.2052,1.5445,0.57432
1817,7.7133,-5.393,2.6915
1818,-2.4138,3.5432,-5.3087
1819,6.8583,0.47268,8.8916
1820,0.79226,5.6967,-8.3382
1821,1.2835,1.0252,-7.1765
1822,9.6804,-4.1875,-8.4145
1823,9.275,6.7905,-7.485
1824,-7.7135,-3.4889,2.8579
1825,-2.717,-3.1108,2.3299
1826,-4.9891,7.9274,6.3617
1827,-1.0341,3.1212,-2.602
1828,-7.4729,8.7311,6.9009
1829,0.23136,2.3495,0.75228
1830,7.3116,5.037,5.3336
1831,-2.9529,-4.9705,-1.2213
1832,-6.8872,-5.4146,-9.9283
1833,-3.8548,4.8275,6.5589
1834,4.8575,8.9715,2.0833
1835,-8.1745,-1.6137,8.43
1836,4.7116,-2.776,5.3999
1837,2.2784,-2.6424,-6.7372
1838,4.8052,4.7662,6.0209
1839,-9.819,3.5646,-3.1712
1840,4.4095,0.56342,1.5792
1841,-3.5883,-2.8168,6.766
1842,2.6594,-6.5249,9.3127
1843,-8.9233,-1.1785,4.7964
1844,1.1287,6.1859,-6.6766
1845,8.832,8.1587,2.9348
1846,-3.5983,-6.8296,2.5111
1847,0.45473,-2.8939,8.1638
1848,-1.8458,7.8407,5.0074
1849,1.3931,-6.2604,-7.1748
1850,-8.6336,-3.1269,2.6864
1851,-2.7624,-6.1323,-7.7094
1852,0.41318,3.3572,-0.94797
1853,-8.3035,9.3927,2.0475
1854,-0.64706,-3.3918,-9.0972
1855,5.4446,-9.1961,5.7325
1856,-1.1399,0.69369,-8.0888
1857,-2.1815,9.2686,0.57231
1858,-4.5425,6.0578,-4.3634
1859,-8.963,8.0921,4.4295
1860,5.2364,-0.80547,3.2727
1861,-0.28442,-4.8,-6.3903
1862,-6.7731,-4.6769,1.5051
1863,-8.6784,-0.50844,-4.7515
1864,5.158,-5.6896,-6.9227
1865,1.7682,6.6483,8.6548
1866,1.1753,-6.7028,4.0539
1867,-5.8735,-2.771,-8.6603
1868,1.8868,7.9194,6.5354
1869,8.6843,5.5913,-9.2081
1870,4.5096,6.9104,-1.8316
1871,1.732,8.7196,8.3241
1872,7.3059,7.5087,-5.5557
1873,9.9314,4.3238,3.6861
1874,7.3022,-0.80157,-1.3569
1875,-6.4163,-9.7634,-0.69323
1876,3.8933,8.6206,-1.7404
1877,-4.0754,-8.3047,8.5389
1878,-8.8093,8.6912,-1.3399
1879,-7.8391,6.9121,-8.8218
1880,5.2559,9.2327,7.7511
1881,5.3099,-4.5391,5.4676
1882,-3.8365,-0.29417,-4.5416
1883,4.7076,-9.4659,6.8863
1884,6.244,-4.3656,1.9774
1885,-5.2661,-9.7492,-9.2065
1886,-8.7435,6.3421,2.6584
1887,2.4409,3.7066,-7.7271
1888,8.8788,6.908,7.5351
1889,-3.0468,-9.2512,9.7653
1890,-1.3275,-5.7678,8.403
1891,-4.4555,-9.6119,5.4856
1892,3.8415,-6.5333,5.1873
1893,-6.3281,1.8002,6.1292
1894,4.6423,-9.8531,-9.5016
1895,5.0059,3.4785,-3.5952
1896,-0.89857,6.6198,9.3421
1897,5.0806,-3.2908,-3.4965
1898,-6.8998,1.4094,3.7293
1899,3.2104,4.0234,6.6966
1900,-4.1218,7.8727,2.0604
1901,-1.1047,-7.9514,2.4765
1902,6.6379,7.9236,-5.7608
1903,8.0102,-6.6048,5.8803
1904,-3.6344,8.1672,3.8898
1905,-6.4184,-1.6263,4.0851
1906,-0.82517,0.88292,1.3495
1907,3.5796,8.2026,0.44431
1908,-1.7116,-3.67,-3.3717
1909,-8.8696,4.4794,6.0427
1910,7.0805,-1.6742,-6.9393
1911,7.7124,-7.5436,-2.0472
1912,7.7648,-2.1138,-7.5572
1913,-0.45607,-7.4513,-1.3297
1914,5.5993,-5.0813,8.7198
1915,-2.0156,-0.86449,-2.4553
1916,-4.6749,-1.7668,9.2386
1917,-4.5783,0.86978,-2.5917
1918,2.9438,-6.7196,9.038
1919,-9.1949,-1.5613,6.0492
1920,-2.3117,3.3465,9.8427
1921,3.6586,-2.3091,-5.102
1922,3.8727,-9.2974,-3.7033
1923,7.4017,6.6557,-6.9783
1924,5.6309,7.6005,4.7761
1925,-6.471,-3.3264,7.9396
1926,-5.1895,6.7355,4.3798
1927,8.8645,-1.9745,2.088
1928,3.3073,2.4813,4.2385
1929,-4.7083,-6.9852,-3.6459
1930,-6.5975,0.78485,9.1785
1931,-7.0393,-8.4692,0.69144
1932,8.1994,8.662,-9.3183
1933,5.5232,1.7188,4.5163
1934,-4.2386,-8.0455,8.8448
1935,4.945,-7.2018,-8.9631
1936,7.2513,8.8192,-5.9324
1937,2.2735,-2.9923,-9.0651
1938,8.7899,6.1393,8.1327
1939,2.1122,9.0141,5.6685
1940,-7.9543,2.7339,5.0897
1941,9.7877,0.22306,-0.35261
1942,9.7363,9.6288,2.9592
1943,8.015,9.6933,8.7624
1944,4.6359,2.0522,-0.77211
1945,9.2724,-7.3745,-6.1082
1946,9.8862,-3.2813,-8.9868
1947,-9.5848,8.0321,-6.6287
1948,-6.7134,4.1997,-2.9609
1949,7.6943,-8.4937,-6.6517
1950,-7.6667,-2.7094,9.6656
1951,-0.90675,-6.5331,1.9398
1952,6.6269,-8.4447,6.5556
1953,3.8848,0.13685,6.6153
1954,3.9051,5.5523,7.9257
1955,1.5732,-7.2277,-9.0919
1956,-8.3234,-7.0574,3.1798
1957,-4.6452,8.324,4.4239
1958,5.265,7.4483,9.156
1959,7.4801,8.7765,0.68459
1960,-0.015536,1.8454,2.6704
1961,1.5728,-8.4714,6.1839
1962,2.5417,9.2817,-7.7583
1963,-2.2977,-2.2092,-2.2894
1964,0.39137,-0.55803,3.7282
1965,-2.1637,5.6173,-7.2643
1966,-4.9436,0.5374,7.9619
1967,1.4061,-6.4521,2.768
1968,8.5665,-0.61059,-5.2451
1969,-6.6518,-4.8377,-2.3898
1970,5.2177,-3.035,3.3548
1971,-1.5495,8.9707,-9.0831
1972,1.8136,-4.0781,-8.4546
1973,1.9642,5.7154,4.6018
1974,-9.6784,1.2703,-3.3971
1975,5.9334,-1.0532,-6.2268
1976,-9.047,2.5879,-4.4559
1977,-8.6115,-5.0908,-7.367
1978,-0.83945,3.8162,-6.3794
1979,5.2672,5.4122,0.80644
1980,7.2808,-2.747,-6.1583
1981,4.1585,-0.56766,-4.0464
1982,8.9603,2.6037,-8.5446
1983,-9.0601,8.0255,-7.8302
1984,7.4798,-4.7033,-2.6615
1985,6.1597,8.5136,-0.45104
1986,-9.1902,4.0226,-9.9607
1987,6.4152,-9.1393,-9.6472
1988,0.42705,6.6416,-9.525
1989,2.9211,-1.6761,5.3366
1990,0.51066,-6.9147,0.51236
1991,5.4028,-3.2759,3.7399
1992,-1.151,6.431,3.5838
1993,-7.868,3.9103,4.8287
1994,5.2979,-4.5878,-6.5223
1995,3.7123,6.8064,9.3661
1996,5.7303,-8.5671,2.5873
1997,6.4869,-1.4501,6.6297
1998,3.2917,0.98673,-6.1433
1999,-0.96948,4.8754,5.83
2000,-1.7436,-4.5228,8.3543
2001,-1.6375,2.4182,-7.3632
2002,2.2437,-7.8848,3.4819
2003,-4.1284,6.93,-3.1067
2004,7.8733,6.5739,-4.7603
2005,3.9556,-8.3008,-7.2046
2006,-1.459,-5.136,4.5382
2007,-0.69665,-1.7865,1.4088
2008,-0.10743,3.2471,2.9491
2009,-8.9589,1.0275,-8.4447
2010,-4.3565,0.3713,-9.5042
2011,-8.2465,3.3096,5.4068
2012,-1.4838,1.721,3.9145
2013,6.4511,8.8228,-5.1816
2014,9.1669,6.9906,8.7309
2015,0.72983,-4.605,-7.4011
2016,-2.767,1.3305,-3.4473
2017,5.93,7.0006,-3.6772
2018,9.0808,6.9056,-5.8936
2019,-0.12096,1.351,-7.7884
2020,-5.6928,4.4157,-6.8273
2021,1.5926,0.60835,-4.2773
2022,-7.2132,9.0402,-9.3967
2023,5.9276,8.8999,5.7825
2024,3.4879,0.44217,1.4799
2025,5.6618,8.7128,-8.1798
2026,3.261,9.8408,3.5387
2027,-8.6139,-8.5298,3.3572
2028,-2.3264,-7.0554,-4.7848
2029,-8.3283,-7.3335,-9.0031
2030,8.1967,2.5145,1.0157
2031,9.2175,-2.9288,-0.3099
2032,7.4003,7.5515,-3.99
2033,-4.1764,3.4851,4.4785
2034,-3.9146,9.8395,4.9564
2035,2.6299,-3.3916,-0.43715
2036,7.2744,7.0643,-1.9324
2037,4.1206,2.778,1.0579
2038,-4.5735,-4.2905,-0.89812
2039,0.014176,1.7669,7.8486
2040,5.9053,-3.8266,2.3414
2041,2.0836,-3.8421,-4.5177
2042,-2.2824,-2.407,-8.3731
2043,4.9092,5.1753,-3.0517
2044,-7.2613,9.1137,9.503
2045,9.8649,0.79128,6.9489
2046,-8.3212,9.1705,-8.6884
2047,5.8525,4.8005,-4.4579
2048,-5.4027,-5.2269,-0.31492
2049,-2.4193,-0.12073,-3.0184
2050,-7.0728,-0.59316,-8.9562
2051,-2.5296,0.73471,4.9363
2052,-9.4916,-8.5058,-3.5122
2053,5.6879,5.3533,-2.714
2054,-3.1933,-5.1903,-6.3103
2055,-3.0716,-6.0381,-9.6124
2056,3.1451,7.2652,5.8883
2057,9.6077,4.0441,-2.875
2058,-0.048594,6.634,5.2548
2059,-1.9974,3.7562,-1.387
2060,-7.6828,-8.8053,-4.9238
2061,-5.7093,3.4632,4.7555
2062,-3.6706,-0.41977,3.2707
2063,5.6488,3.7984,4.2635
2064,5.8543,-3.1059,7.0866
2065,5.5025,-8.8142,-6.331
2066,3.4933,1.0289,-2.3029
2067,-8.9908,-9.8988,-9.7635
2068,-8.8925,8.7801,4.9434
2069,-1.7106,-7.2416,-3.6874
2070,-9.0011,0.69245,-4.7323
2071,-6.0861,-5.4742,-0.75227
2072,-9.7015,4.3373,3.5358
2073,6.2488,7.1811,-7.6798
2074,-3.3046,-5.8125,9.8555
2075,-4.7119,-7.2793,-1.5556
2076,-9.6017,5.6831,6.9554
2077,-9.3745,6.5186,-6.1865
2078,-8.265,1.3332,1.0704
2079,-0.53814,7.7799,8.7124
2080,-8.4655,5.7968,-1.6895
2081,1.5637,8.2046,2.0429
2082,3.8206,-9.3974,7.5079
2083,3.4932,2.8534,5.8397
2084,-9.5463,-4.038,-0.76094
2085,8.5567,-6.7938,2.9685
2086,-9.2583,7.4899,-7.3946
2087,-6.3504,-2.6592,-7.8045
2088,2.0164,-7.4383,0.61786
2089,5.287,6.539,-2.0909
2090,-5.3619,2.7144,3.0144
2091,6.0461,-1.6908,-2.3147
2092,9.0841,6.4678,-8.8812
2093,-0.14352,-6.7635,9.9849
2094,1.2558,4.9393,-7.8662
2095,-2.2692,0.76329,7.8436
2096,-4.4134,4.1742,-2.5531
2097,-6.0948,8.1722,8.1741
2098,1.1207,9.1405,-3.0416
2099,5.9754,-4.335,-8.9645
2100,7.5134,-1.1735,4.0785
2101,-9.2133,3.7438,-1.8556
2102,-1.1461,4.9403,-8.4509
2103,0.017755,1.4672,8.4044
2104,9.4941,-5.5254,-7.382
2105,-4.1632,7.9482,5.2847
2106,6.9485,-2.786,-7.76
2107,7.0065,-1.7636,4.2925
2108,-2.1086,-0.37094,-4.1279
2109,2.576,-5.9216,-0.88033
2110,-1.699,8.0884,-9.215
2111,8.2577,-4.4823,9.4169
2112,7.8456,3.9514,8.6551
2113,-8.7847,-4.5769,-1.2518
2114,-9.5009,-8.1778,6.9919
2115,4.185,-1.4497,-3.4566
2116,-9.3772,-3.1155,-8.2747
2117,8.8004,3.1778,-0.94198
2118,7.3397,-7.6651,-4.7918
2119,1.5733,3.194,-7.1397
2120,6.4448,-1.9587,2.5346
2121,2.3446,-2.9312,-1.1012
2122,0.27355,-9.2465,-2.1151
2123,4.0092,-3.9579,-1.3
2124,-3.3423,0.4444,9.1356
2125,4.9913,1.559,3.4089
2126,-6.7799,8.6811,2.0838
2127,-8.4937,4.5999,9.0193
2128,-8.4768,2.329,3.1797
2129,-9.7063,7.0915,-6.5327
2130,9.3805,-7.7097,-8.2296
2131,4.7214,2.1739,6.8283
2132,-6.6362,-6.4027,9.1667
2133,-3.3021,6.9182,-0.15267
2134,2.4472,5.9325,-6.9604
2135,6.9826,-9.4987,4.6295
2136,2.2078,-4.8491,4.3893
2137,2.7673,-8.8772,9.2412
2138,-6.1724,-4.4189,3.8192
2139,8.6511,-1.5995,-4.0489
2140,3.1644,-7.1112,-8.3087
2141,-8.9403,7.514,-5.2629
2142,8.8815,-7.9376,-2.6578
2143,-7.9609,-5.273,2.9955
2144,1.6462,-8.6388,-2.8181
2145,-6.1367,5.1002,6.0416
2146,-9.6864,7.208,2.1083
2147,-7.0205,-1.5654,6.363
2148,3.2658,6.0279,-5.3373
2149,3.1651,-8.3939,-3.7985
2150,2.0579,9.7001,-9.4981
2151,3.1248,4.4185,-2.1425
2152,8.0806,4.1183,8.8112
2153,-4.8787,-3.6775,3.9686
2154,8.3259,-9.2968,-9.7048
2155,-4.7445,-2.8293,9.6546
2156,0.53018,-7.6228,3.9546
2157,1.1137,-8.4456,8.0812
2158,3.3551,-7.0321,-0.60635
2159,-5.8234,1.7655,-8.188
2160,3.9888,-4.237,6.6779
2161,7.8167,-5.9492,-1.6862
2162,3.7063,0.6626,-6.5557
2163,3.47,-0.094245,-2.969
2164,1.4507,1.0225,-2.2399
2165,8.1511,3.7191,-3.1644
2166,2.0794,-7.4297,-5.4119
2167,-1.072,4.3508,-3.4549
2168,-2.0173,7.0803,-2.7619
2169,-8.5851,-9.7286,-8.6167
2170,8.9631,-5.3014,1.1123
2171,-8.07,0.98163,-3.2639
2172,3.7747,-2.6046,9.7377
2173,-3.4266,0.59193,8.2766
2174,-4.7853,-0.64895,-9.8248
2175,6.6818,6.2573,-6.7419
2176,-3.597,2.2264,-4.2986
2177,2.0439,1.9449,-9.7445
2178,5.8681,0.3411,-8.0149
2179,8.2258,-9.6259,-3.9472
2180,-4.6017,1.7164,-4.7214
2181,5.0514,-2.3253,-2.4751
2182,5.1573,6.121,0.029774
2183,0.023809,2.04,-1.3243
2184,-7.0899,3.6098,-1.4944
2185,-2.0906,-1.9473,-7.5117
2186,-7.2452,8.972,-9.7819
2187,1.747,-6.7523,-3.126
2188,-5.5618,-2.014,1.175
2189,3.5831,7.191,7.0959
2190,-0.56784,-9.6401,4.5718
2191,8.2734,-9.4236,-5.5043
2192,-6.5634,-9.9068,7.7554
2193,0.68837,9.2448,5.2657
2194,7.2517,-2.1864,5.8437
2195,9.8912,6.9896,-3.2436
2196,4.3667,-0.34017,7.6259
2197,-4.873,4.0712,7.7939
2198,-3.0237,-4.5275,-5.1855
2199,-1.581,8.382,7.0371
2200,2.4578,-2.4461,-9.0318
2201,8.5065,3.2896,-2.2996
2202,6.0812,-1.0726,0.53523
2203,-9.6318,3.8546,-7.7029
2204,-3.0145,-2.6668,-3.5542
2205,-0.67093,6.2365,-3.8008
2206,-5.7399,1.2765,-0.68347
2207,-9.5416,-1.1388,4.9308
2208,5.0202,-0.24861,1.6034
2209,3.8143,-3.7051,-7.3193
2210,-7.7441,7.6409,4.8955
2211,-7.4089,2.9048,-0.57494
2212,-4.4107,-0.098737,-7.3375
2213,-4.8917,8.0327,7.2145
2214,-0.72961,-0.60716,4.3077
2215,-1.5755,3.8181,-2.3922
2216,1.687,0.13318,7.7518
2217,3.0711,0.98627,-7.2662
2218,-6.0253,-4.2152,4.5289
2219,0.20337,6.5149,-9.153
2220,1.3203,-7.547,2.7983
2221,-2.2002,-2.6554,7.2581
2222,6.9721,-4.4975,9.489
2223,2.1394,6.0832,-4.3127
2224,0.40753,-5.5361,2.3949
2225,4.7275,2.3434,9.3557
2226,-1.3,7.6458,3.158
2227,2.4133,-5.5105,-9.8057
2228,-2.8822,4.2623,-6.6236
2229,7.695,-3.4456,-2.1944
2230,8.7996,3.1381,-0.81653
2231,-6.8982,3.4058,0.44889
2232,2.2317,3.2519,2.687
2233,1.0991,-4.6237,-3.7143
2234,-8.3756,7.7336,-7.1821
2235,9.1714,3.031,-5.973
2236,0.027668,-6.7473,-6.3386
2237,-0.0021704,-5.3486,8.6351
2238,0.88834,8.6833,3.0963
2239,3.758,-5.8708,-0.75327
2240,3.5427,7.4766,2.8939
2241,-3.026,-2.1306,-7.5375
2242,-5.7378,0.094979,-9.3721
2243,2.1537,-9.2252,6.3771
2244,5.4823,-5.7179,5.524
2245,2.3464,-0.88027,-2.6327
2246,-0.66769,4.1444,-5.1929
2247,-4.4947,0.97286,-6.6808
2248,-7.8852,-7.7984,-4.5514
2249,-2.1877,-2.8143,5.9167
2250,3.8449,8.0201,8.7369
2251,-9.033,-6.2327,8.9882
2252,1.3016,-9.8565,-0.86436
2253,-8.8813,2.4844,9.7989
2254,-7.1795,-1.7473,-6.3576
2255,0.11422,3.5368,-1.2955
2256,9.0025,-3.1828,-1.7742
2257,-9.8381,8.4758,9.5385
2258,-2.3339,-8.1441,-1.2689
2259,-7.1969,7.8078,1.9411
2260,8.2898,-9.3758,-2.4179
2261,-2.4505,-2.3162,-3.0066
2262,4.401,7.5823,3.1583
2263,0.75865,-2.1325,-9.5675
2264,-1.2969,-4.7699,8.7596
2265,-7.8193,7.4235,-8.9347
2266,7.4128,-2.551,-6.4555
2267,-6.7468,-4.3898,-2.2922
2268,5.1768,0.00055965,8.3617
2269,2.7137,6.7852,9.7729
2270,-0.83557,0.73441,-0.44774
2271,-8.9694,-6.0703,-6.2385
2272,-3.8541,-1.4308,-5.0737
2273,0.58467,-4.5514,9.7228
2274,-0.62488,-6.4081,-3.258
2275,2.5436,7.6312,4.3875
2276,-3.8208,-5.6044,4.4754
2277,7.9552,0.34163,-7.6736
2278,9.0885,3.6169,9.2043
2279,-1.5959,-3.4028,-9.9543
2280,4.1474,1.8803,3.1147
2281,1.4648,-2.0002,-6.3392
2282,1.4404,1.5645,6.1616
2283,-5.0443,0.86813,7.3154
2284,4.2147,9.5842,7.6919
2285,-3.5329,-1.7221,9.4179
2286,8.0624,-3.4952,-2.909
2287,8.4847,8.8738,1.0973
2288,-9.4531,7.7385,-8.2266
2289,1.9857,-5.3829,-5.5487
2290,-4.7344,7.0016,-0.79355
2291,-0.77291,8.9879,6.5451
2292,-3.3689,-0.46332,-9.8027
2293,7.8625,3.4246,-4.9751
2294,-5.82,-8.7109,7.2849
2295,-6.3822,-8.6405,4.0171
2296,-8.5681,-1.858,-3.2633
2297,9.9761,4.9446,3.0283
2298,-5.8892,-0.10641,-4.0727
2299,0.17997,2.2137,-8.7004
2300,-5.3152,-8.6012,0.47009
2301,-3.2627,-8.8679,-7.2442
2302,-1.5271,-0.93759,-9.0449
2303,-2.9387,-4.9868,-2.2037
2304,9.4308,0.28296,-1.7931
2305,-9.9726,-9.9442,-2.4489
2306,9.3557,-8.0879,8.3625
2307,-3.0544,1.0177,-0.66052
2308,-6.2624,4.9236,-0.060991
2309,-4.9144,-8.2191,0.61817
2310,-2.7557,3.588,2.0354
2311,-7.1411,-8.8881,7.7228
2312,4.5392,-4.1086,1.5142
2313,-2.2801,-3.4481,-1.5175
2314,-2.7347,-5.5833,-1.3562
2315,-5.5213,-3.9419,7.0986
2316,-4.7994,-5.9318,-1.5815
2317,0.92143,-3.0704,9.5249
2318,-2.7793,-9.9574,-2.0903
2319,-9.5561,8.0714,7.3675
2320,-3.9583,-9.394,-4.1997
2321,4.7181,-1.891,-6.3815
2322,3.4216,-5.193,1.7392
2323,2.3346,-2.798,-4.3386
2324,-6.5838,5.6269,7.5511
2325,4.1265,4.5231,-0.41767
2326,-7.8016,-8.3417,0.8336
2327,7.2548,0.29103,-4.5808
2328,6.0237,-4.5118,-5.8021
2329,-2.3847,-6.4845,-6.9434
2330,-0.99115,4.8778,-6.505
2331,8.0752,-7.0016,-9.0331
2332,-0.78482,4.3734,9.8569
2333,8.3759,-8.1747,1.1604
2334,9.6089,3.0603,0.22446
2335,-1.9438,3.7055,3.1934
2336,4.9016,-2.7216,-2.5808
2337,7.0502,8.7591,7.18
2338,3.6872,-5.6474,-0.38608
2339,-6.8164,-4.0416,-3.2187
2340,5.8071,-5.0627,3.3292
2341,9.4082,4.6652,6.3985
2342,6.8668,-7.2387,0.95613
2343,-7.3348,-0.3223,-0.32291
2344,4.5042,-4.0569,-3.3647
2345,-3.6878,0.48018,-8.7875
2346,0.68998,-7.1895,-1.9834
2347,-2.9741,6.6808,-6.9261
2348,9.1915,8.4505,2.0125
2349,-9.6594,1.0569,7.6732
2350,4.6127,9.6,-1.9281
2351,1.0316,9.381,-0.63298
2352,-2.1769,4.6124,-8.847
2353,7.1301,-8.4001,2.4683
2354,-9.3149,-6.8109,-5.9794
2355,4.5505,-0.57915,5.8079
2356,-2.7109,8.2811,-3.22
2357,-3.7047,-8.2806,-8.4167
2358,7.0545,9.1292,-5.8241
2359,-4.5107,9.0489,-3.7187
2360,8.4502,4.351,-5.7331
2361,-3.2093,-7.6039,4.3091
2362,-4.8882,5.6115,9.2478
2363,3.8006,7.7753,-3.5213
2364,7.3963,7.8529,8.0622
2365,3.1551,6.0222,4.563
2366,-9.4489,7.1513,-6.3931
2367,-5.8146,2.7829,-0.92861
2368,-4.2585,2.8903,6.0783
2369,-4.518,-7.3186,4.4166
2370,8.4467,1.1416,-7.0669
2371,6.7033,-1.3164,-8.0912
2372,3.8278,-4.8183,8.7538
2373,-2.6349,5.3202,-9.2699
2374,-8.5884,-1.4887,2.3284
2375,-7.4447,5.2712,-0.753
2376,4.5999,9.724,-6.7145
2377,5.1465,-0.88063,-2.3439
2378,-7.4822,-0.87251,-4.6242
2379,-7.1215,7.2403,-0.17031
2380,-4.9912,-7.1979,-9.2616
2381,5.9328,6.0887,0.014457
2382,-5.6648,-0.75998,-5.0922
2383,-9.2629,6.9888,-2.5437
2384,6.4257,-4.207,-1.3678
2385,9.7768,-3.582,1.4562
2386,-0.71319,-2.1921,-9.0109
2387,3.2288,-6.9208,1.9832
2388,-4.3522,0.161,9.8179
2389,-0.78929,-0.0064299,7.951
2390,-0.6258,0.41989,-4.3638
2391,-3.5056,1.7725,2.393
2392,6.2125,-2.9563,4.3523
2393,8.7469,-3.2617,-3.9282
2394,0.17626,5.4677,-1.8264
2395,-0.56722,8.6003,0.59575
2396,0.31695,4.5272,-8.4615
2397,5.1493,-8.1164,-4.8628
2398,0.81413,0.70491,-9.4848
2399,-0.60712,8.487,5.6378
2400,-6.7801,-0.033296,-9.5204
2401,-4.2223,4.4606,5.5731
2402,7.4205,0.45164,-7.2349
2403,5.7368,-3.2574,9.7755
2404,8.5905,-1.626,-3.1667
2405,-9.6383,-4.8518,-5.7478
2406,-0.18858,3.8456,-7.9376
2407,0.6173,-5.716,-1.6473
2408,-9.3269,4.2161,-5.1461
2409,4.4761,-4.4999,8.335
2410,3.9105,-0.9933,-9.4557
2411,2.9705,-0.90249,-2.2063
2412,7.9164,0.76508,-3.7481
2413,1.2839,-5.7372,3.5858
2414,7.3829,-0.15184,0.44738
2415,-5.4751,8.7499,-6.2069
2416,7.2079,3.5271,2.9265
2417,-2.7032,3.9904,-5.6192
2418,4.8482,-7.1697,0.77294
2419,-0.62813,-2.6219,7.3016
2420,8.8017,4.8678,-5.1664
2421,-0.51195,6.2589,-2.5057
2422,7.1212,5.4893,9.2691
2423,-9.8996,-0.55043,-8.1807
2424,7.6638,4.8072,-1.9589
2425,-4.7033,7.5172,-2.4522
2426,3.7345,-6.8982,-0.99276
2427,6.7491,6.4265,-4.0042
2428,7.2087,3.0704,4.5318
2429,-3.611,-3.5055,2.8907
2430,-1.2941,5.3632,3.0472
2431,0.18143,5.8723,3.0283
2432,2.2735,6.1523,9.4971
2433,-9.8168,-9.4849,-1.8244
2434,-2.5113,3.8232,4.5575
2435,-4.3971,6.4583,6.7902
2436,-4.0008,0.028378,7.8864
2437,0.4574,-6.245,0.58521
2438,-3.6264,5.6527,-7.9219
2439,0.85124,-2.649,9.6134
2440,-6.4131,6.7286,4.2465
2441,-2.8318,5.687,-8.5961
2442,-9.9501,-2.3732,3.5664
2443,-9.5827,0.39703,4.5622
2444,-0.9243,6.3591,-0.19777
2445,-8.882,9.1467,-2.3037
2446,-1.3,-0.51064,-1.0094
2447,-4.2521,4.0993,1.6843
2448,-6.0494,-8.7121,-4.3522
2449,-1.594,-0.71554,9.6082
2450,-5.8578,5.7731,6.7146
2451,1.4569,0.048852,-2.2572
2452,-7.1912,8.1437,-2.3425
2453,-9.6673,5.3498,-0.10709
2454,6.078,-3.3377,6.7308
2455,-2.1322,-7.897,8.2779
2456,-5.0263,-9.4478,-3.2885
2457,6.1546,3.9492,-5.768
2458,4.2144,6.4922,4.6847
2459,2.4231,0.63168,-3.4437
2460,-3.1071,-8.2835,5.6993
2461,3.0547,-1.8574,-0.21156
2462,0.30534,0.34139,3.1701
2463,7.3921,-4.5814,-1.199
2464,-2.933,4.8747,-1.3763
2465,-6.0255,-9.3571,3.9548
2466,1.9566,6.2197,2.086
2467,8.152,-8.1806,-2.0622
2468,2.4663,-0.56768,-3.8501
2469,6.0211,6.0418,-6.893
2470,6.3606,9.3863,3.4712
2471,4.6591,-9.581,1.1157
2472,-9.2562,-2.3827,-8.3295
2473,-6.1821,1.2196,-9.1035
2474,-6.5499,-3.2422,-9.8718
2475,6.6617,1.0149,-6.2699
2476,-0.10438,5.8901,-7.8715
2477,5.7902,-9.5185,-3.1824
2478,4.139,1.1474,9.0469
2479,6.4937,-8.4993,-5.5309
2480,-5.1831,3.2707,-0.20159
2481,1.5805,7.3961,3.0908
2482,1.5524,0.65075,4.4221
2483,4.0313,-6.7055,-7.9592
2484,2.0686,-6.537,-8.4782
2485,-4.6406,-9.4422,-0.36634
2486,8.6795,3.2769,-9.8231
2487,-5.0013,8.8904,3.2428
2488,-2.282,-9.8092,7.6312
2489,0.68229,2.4625,1.8398
2490,6.147,4.1866,-6.8272
2491,1.8792,1.5471,9.3744
2492,5.682,5.3694,5.0249
2493,-9.5579,1.7526,-5.231
2494,-2.6124,-5.0779,8.9723
2495,-0.22876,0.96696,2.923
2496,-4.8229,-8.5403,-1.0485
2497,0.29569,0.079053,-9.8023
2498,-2.3354,-3.1155,1.3958
2499,8.6966,-2.5242,-0.83968
2500,0.55623,5.5164,-4.5728
2501,-1.0573,8.6959,3.9058
2502,1.7714,0.2455,8.5948
2503,2.2803,-3.0505,-6.2617
2504,6.1155,-0.73614,-2.8887
2505,0.62695,-8.8097,-6.0072
2506,1.1169,-0.19418,-5.7227
2507,-0.51403,8.4455,-3.4902
2508,8.4943,9.0557,1.5932
2509,2.901,7.6383,6.4224
2510,7.5062,-5.2335,-9.66
2511,3.8797,-3.3324,-5.6154
2512,-1.2165,7.4962,-0.15772
2513,2.7099,-0.97011,-3.2594
2514,-6.8929,6.8851,2.84
2515,-6.1066,-5.2529,-6.7254
2516,3.761,0.38196,6.2824
2517,-9.4265,-1.3905,0.22438
2518,4.1474,0.10535,5.3156
2519,3.692,-8.3866,-7.3047
2520,-4.4601,9.219,-5.4947
2521,-7.7397,-7.2873,8.9029
2522,-5.6719,0.15554,7.2228
2523,3.4117,-0.12464,-7.2898
2524,6.9067,3.6529,0.23693
2525,-7.8496,-5.3435,-9.467
2526,-8.7783,4.4274,9.8593
2527,-2.3144,-2.3581,9.9724
2528,1.3621,6.3063,-1.6165
2529,2.7322,-0.45764,-0.48966
2530,-6.024,-4.3636,5.1954
2531,6.8313,9.6623,-6.8605
2532,-7.3958,7.4561,-7.3715
2533,8.6583,-3.7024,-2.5127
2534,7.4214,1.7089,-4.0486
2535,8.596,8.9011,5.6535
2536,-6.8593,-5.7735,-9.5412
2537,5.1199,-6.5963,4.1938
2538,1.2527,-7.0165,9.1117
2539,-1.2173,4.5267,5.805
2540,-3.9225,-3.8935,-9.1641
2541,0.5061,-2.7664,0.66253
2542,-2.6758,9.8335,-3.5912
2543,2.0477,-6.7193,-0.36486
2544,-0.93685,9.9749,-3.2699
2545,4.4491,0.69157,-0.96901
2546,-5.0046,-5.1262,-4.1995
2547,-8.3192,0.59312,-5.6678
2548,-5.8355,1.3118,-7.9739
2549,7.9805,-6.8255,9.455
2550,2.5327,-3.5036,5.1103
2551,0.87263,-2.4936,3.7764
2552,8.5582,1.4371,-7.3541
2553,7.6389,-2.1887,-6.0916
2554,4.7567,7.8206,7.8411
2555,-4.7781,8.5134,1.9858
2556,2.0715,-7.1481,5.4607
2557,-0.047957,0.39861,-7.8008
2558,9.4222,-3.0032,9.4933
2559,-8.5686,-9.0556,-9.7518
2560,4.8409,5.5822,6.4767
2561,8.5294,3.603,1.2395
2562,3.0347,-8.3942,1.4705
2563,8.6084,-3.0391,-4.4009
2564,-0.89267,3.6047,1.2923
2565,-7.7826,0.76039,3.6328
2566,9.1587,7.5806,-1.4992
2567,-7.9101,-3.3379,8.5258
2568,-9.8011,-1.9677,5.5851
2569,-0.91297,8.5689,8.7182
2570,-6.8788,-0.015002,-0.97997
2571,9.1232,-3.2253,8.7833
2572,-9.4362,5.5101,-5.3535
2573,8.7399,9.7014,8.2088
2574,-8.8191,-0.87137,5.7043
2575,-4.6559,0.54353,1.7357
2576,3.5728,-7.3379,-2.9174
2577,7.447,-2.1921,8.041
2578,-8.1522,7.8987,-7.1536
2579,3.7287,3.1176,1.3968
2580,9.9438,3.7106,-8.9508
2581,6.754,-7.9329,-8.8909
2582,-2.7563,-5.4257,5.1972
2583,-3.2116,-2.6964,5.116
2584,-1.0099,-5.0898,7.6573
2585,-9.3203,-5.7179,-6.7255
2586,-6.8879,5.4121,-1.2667
2587,-4.2871,2.3238,-0.77116
2588,-6.8117,9.6209,0.30906
2589,7.2945,-3.7553,9.2294
2590,1.4574,5.5171,-7.8699
2591,-3.651,-5.1757,-5.7517
2592,1.7528,7.1163,-2.0754
2593,0.92387,-3.362,-9.1737
2594,-4.9187,-2.2228,-4.5843
2595,9.6251,-3.8275,4.6702
2596,-0.97553,0.89146,-8.3386
2597,-4.2007,-3.1911,9.2229
2598,3.842,-2.7477,5.8094
2599,5.3084,7.3425,-9.1452
2600,0.37897,-7.6088,2.3849
2601,-5.643,-5.1061,-2.1746
2602,6.9349,2.9266,3.7569
2603,7.3762,-8.1516,-9.6464
2604,3.2991,4.3842,4.3857
2605,-5.4527,-9.3082,7.038
2606,-7.8789,1.9814,6.6626
2607,-6.5608,7.6418,-7.2627
2608,4.2294,-8.5521,9.1772
2609,-9.438,7.3083,-7.7282
2610,-9.525,5.8197,-0.91447
2611,4.6879,2.7729,9.3501
2612,2.6787,-3.4401,-5.8959
2613,-8.4587,3.1541,3.4311
2614,1.8201,-9.8129,-9.9604
2615,5.8493,4.5277,-4.6855
2616,-5.0911,2.3039,6.5702
2617,-4.2833,-2.9966,7.0483
2618,-7.3847,6.1245,-6.2204
2619,-3.1276,0.46824,-6.6345
2620,-2.5712,4.3584,6.8485
2621,8.8765,-3.1545,-0.8341
2622,4.8373,-9.5415,7.5227
2623,-2.2982,2.8748,1.4286
2624,8.2436,-1.2905,-0.85948
2625,7.71,-1.9731,5.6191
2626,9.7258,-0.4566,-5.9028
2627,0.5645,-0.72069,1.2533
2628,-4.1495,3.6294,0.18582
2629,-7.6321,-1.5199,8.1464
2630,-7.7165,-7.4819,9.3323
2631,4.7374,-9.2101,4.2116
2632,-4.3077,-4.0179,-5.7101
2633,2.2806,-9.2179,-1.452
2634,-8.2207,7.4118,5.517
2635,8.8159,7.4363,-1.3517
2636,-2.0934,3.8338,-1.258
2637,-9.5121,2.3684,5.3718
2638,0.072956,5.2146,2.0916
2639,-8.6053,6.3721,1.8939
2640,6.2614,-8.1858,-1.9641
2641,8.0974,-8.6844,7.0389
2642,-4.3699,1.6998,-2.0658
2643,-4.2497,2.718,6.3786
2644,9.5447,-7.614,-2.1277
2645,2.1732,-4.2776,-1.6288
2646,0.82425,-8.4496,-2.9501
2647,-0.10741,-6.7359,-6.3801
2648,-7.6878,4.5309,-0.80478
2649,5.6726,-4.274,7.6365
2650,4.8975,5.9837,2.9664
2651,-1.4301,-6.2265,-0.59979
2652,3.2697,-4.5481,4.9156
2653,5.9175,-5.8095,-6.7908
2654,-4.1084,-1.6249,6.0484
2655,4.9557,-1.4321,0.72426
2656,7.0567,1.296,-8.6843
2657,-0.86023,8.6239,9.9737
2658,-1.1909,-8.1446,6.4616
2659,-4.9785,6.0831,4.801
2660,0.20631,-1.7324,-5.9873
2661,-9.0948,2.0583,-5.5359
2662,-0.07459,6.3414,-4.6293
2663,4.6299,-7.8612,-6.1669
2664,0.43568,-4.3049,9.718
2665,4.1934,-2.1792,-3.0865
2666,0.26524,-1.1284,-4.6004
2667,-3.9466,-3.7047,-2.3791
2668,-2.6404,-7.828,-3.3693
2669,-5.924,-9.1534,-9.0114
2670,-3.9118,-5.7969,0.41785
2671,8.9335,-4.3515,7.2087
2672,-3.9649,2.963,-9.4311
2673,-2.2172,-1.4928,-5.4682
2674,-6.2259,6.1916,-0.79382
2675,-3.6052,8.9911,3.742
2676,3.4347,-4.2849,8.9175
2677,-1.9519,8.2018,8.396
2678,-2.8073,7.5075,0.4272
2679,-9.6065,3.337,5.489
2680,5.0745,6.508,-4.8372
2681,-0.00096607,3.5511,7.2029
2682,-2.5612,-3.8125,1.649
2683,-9.5842,8.072,0.12948
2684,9.4011,-3.588,-6.8244
2685,-2.8174,3.5422,-8.0339
2686,-0.068252,-6.1064,4.1265
2687,2.3516,-4.8933,4.4629
2688,-3.1777,-3.9682,-5.6424
2689,8.9026,-2.1113,-2.5443
2690,-9.4414,-5.0076,-1.0697
2691,5.561,-7.8538,-1.6142
2692,7.1068,5.426,6.726
2693,7.2187,3.0981,8.6592
2694,-2.7429,1.5309,-9.5779
2695,2.7074,6.2792,6.6851
2696,-1.711,-9.4525,5.8265
2697,2.1571,9.1017,-6.081
2698,3.2439,1.988,1.9507
2699,5.6372,5.8973,-5.0107
2700,-5.5553,7.8031,1.3168
2701,4.9938,-4.1777,1.1298
2702,-6.366,9.4562,-0.2906
2703,2.9564,9.3037,6.0188
2704,2.817,-7.5564,-7.469
2705,-8.5216,9.1477,6.9151
2706,-1.1194,8.8509,3.8414
2707,7.1331,-4.4302,-6.3679
2708,6.262,9.1911,8.0051
2709,-5.0459,4.2405,6.2151
2710,3.5802,-0.09448,3.1926
2711,-3.8306,1.4135,8.6633
2712,-9.3343,7.0855,5.0103
2713,-1.3825,-0.22377,-4.9932
2714,1.1796,7.7147,-0.65152
2715,-3.9934,-3.9702,8.0875
2716,0.8709,-2.9312,6.9672
2717,-0.70317,-6.8594,1.0934
2718,5.5902,7.9716,-9.4802
2719,4.1326,-2.7252,-9.2282
2720,7.1598,-3.4794,-8.5535
2721,-1.1817,3.8805,-5.3956
2722,4.0452,1.3651,-7.6574
2723,3.9716,-0.98713,-6.2177
2724,-1.0405,1.9739,7.701
2725,9.8027,-9.8254,-2.9348
2726,-0.72208,-6.3817,-5.154
2727,-9.7839,4.3998,-0.098744
2728,1.232,5.5298,8.506
2729,1.7516,5.741,9.4964
2730,-1.3412,5.329,2.7507
2731,-3.7082,-8.8805,-3.1011
2732,-1.789,7.3244,-8.436
2733,-6.933,6.7291,8.7149
2734,-1.0903,-6.7322,-7.1965
2735,-3.5358,3.6662,-3.3248
2736,4.6345,2.0576,9.3829
2737,-2.2886,1.8063,0.98635
2738,7.4823,-4.6631,-2.6866
2739,7.2746,5.7808,5.8478
2740,4.769,2.3629,4.0197
2741,9.5977,-9.0115,-0.81339
2742,1.1852,2.689,4.3996
2743,1.536,7.8611,-4.4658
2744,0.19376,-5.6626,3.298
2745,0.53557,9.7501,0.27223
2746,-5.0428,3.3368,-5.4603
2747,1.1006,-5.2945,5.4042
2748,1.1209,-9.9819,-9.9567
2749,-8.5685,-4.2821,-3.3691
2750,-6.2791,4.0455,-1.2821
2751,-8.2544,9.9717,2.8876
2752,2.152,-1.6154,-0.24821
2753,-0.31509,5.6844,-5.2384
2754,-6.8321,7.0732,0.084715
2755,-4.5458,4.2902,-4.8338
2756,-8.5288,4.3432,1.4737
2757,1.6624,-5.466,3.9831
2758,0.53308,5.9009,-6.0304
2759,4.0308,2.9597,-1.8982
2760,1.259,-4.2371,-9.4631
2761,3.742,8.0345,-0.55722
2762,-9.5954,7.0829,8.4743
2763,0.18357,3.3678,-6.2226
2764,6.1797,-1.7178,-5.9385
2765,0.47508,6.6553,9.34
2766,1.3018,9.4956,2.2618
2767,9.3993,-7.7198,2.0401
2768,1.5648,5.4102,7.9314
2769,3.2893,-0.4995,-9.4705
2770,-1.6571,9.5806,-1.6021
2771,9.7508,1.2958,1.1657
2772,-5.3706,5.0046,-0.40586
2773,4.9703,6.1215,-1.9809
2774,9.8277,-4.6673,0.2453
2775,-2.8807,8.7588,4.8425
2776,-1.4956,3.0838,-4.8981
2777,8.6276,5.3945,6.1486
2778,-0.82069,0.37744,-3.5833
2779,6.5294,-9.8012,3.0586
2780,4.8995,-9.6487,4.6126
2781,-7.4677,-9.249,7.9029
2782,-0.11837,8.4558,7.063
2783,3.2324,6.0793,-1.4789
2784,4.183,-8.989,0.69319
2785,0.054028,-8.2264,8.6797
2786,2.0069,5.622,-9.0348
2787,7.92,9.0622,-2.2685
2788,0.17086,-1.3073,6.139
2789,6.1249,-1.872,8.3854
2790,4.9047,5.5815,0.27728
2791,-9.9777,3.3831,-3.7812
2792,3.9926,6.5755,7.5702
2793,-2.2539,1.0774,3.5773
2794,5.5052,-5.5705,-5.4297
2795,-5.6264,7.2892,2.1677
2796,-2.1593,9.4556,-7.2561
2797,5.562,6.8654,7.1293
2798,-3.7638,6.2868,-7.5382
2799,-0.74319,-7.4954,-2.0781
2800,6.4944,1.1156,-2.0656
2801,9.1236,-2.3278,5.7227
2802,7.3254,-6.6882,-7.5385
2803,0.59776,-4.253,-6.4922
2804,5.9468,6.6506,6.0775
2805,-7.6701,0.38859,5.0495
2806,-0.30373,4.232,0.23381
2807,-2.6995,-9.0295,-6.447
2808,-5.9035,2.1801,-0.33548
2809,-5.6113,0.54836,6.8939
2810,-7.7838,-8.207,1.0102
2811,1.3499,-1.0586,-4.054
2812,0.43755,-5.1085,4.1781
2813,-0.83731,8.6197,6.2284
2814,8.9291,-3.6706,-2.4415
2815,0.51227,-5.0558,4.9661
2816,3.0497,-9.9572,-2.203
2817,-9.5196,1.2646,8.8723
2818,-7.5471,5.4882,-5.3727
2819,-4.4336,-0.095677,-8.625
2820,3.4838,9.3102,-5.5349
2821,0.17643,-6.2464,-2.6568
2822,9.2241,5.9552,-8.6442
2823,-3.5544,-3.6226,-3.2279
2824,-3.2636,2.9463,-5.8217
2825,-4.3186,-0.69727,-6.7223
2826,3.1151,0.15338,1.4382
2827,9.7981,-1.5341,-3.5851
2828,4.5508,5.951,-2.3296
2829,-1.6022,9.3884,-7.282
2830,-5.1354,-3.1581,3.6049
2831,6.0808,-4.8677,8.0932
2832,4.1775,-1.1606,7.8411
2833,-7.9941,-0.26189,9.6728
2834,6.4297,-1.4968,-7.1726
2835,-2.0964,7.1018,-6.2373
2836,8.6459,-7.7639,1.5282
2837,7.4115,-9.534,-0.057035
2838,7.814,-3.1162,-8.7404
2839,-5.1997,2.9464,5.8525
2840,-9.7643,-6.7001,2.2916
2841,-4.8865,-8.021,-6.8642
2842,2.8426,-1.5172,-2.4288
2843,-0.56964,4.0179,0.19951
2844,-0.89371,0.15592,0.87776
2845,1.7072,-0.21978,-8.1866
2846,-1.3736,7.7831,8.6606
2847,4.449,1.814,-0.96406
2848,-2.3706,3.2251,-7.7391
2849,4.6534,6.9799,-3.5192
2850,4.9518,3.2644,0.54134
2851,9.1751,2.4811,-6.9983
2852,-2.2556,-2.2079,0.29253
2853,-0.38842,8.699,8.5114
2854,8.6289,-3.0556,-3.6589
2855,8.3327,-3.6432,-6.334
2856,9.5625,-2.2563,2.414
2857,0.95575,-2.6298,8.3271
2858,-3.4523,-4.6227,-1.562
2859,-5.8255,8.991,5.3678
2860,-5.0562,-2.3881,1.6732
2861,2.7275,-3.4889,0.34272
2862,4.4294,-9.7913,-1.184
2863,-7.0869,-3.1653,-0.32347
2864,-0.55427,7.0322,-7.6086
2865,2.0519,7.8691,0.79249
2866,-9.6295,1.4926,2.4593
2867,-4.8432,-5.4808,-4.3979
2868,8.0783,6.9529,-0.16998
2869,-2.8414,-1.9774,4.8953
2870,5.5089,-7.3306,5.8209
2871,2.7916,-2.1226,4.7512
2872,-6.057,-5.334,7.1819
2873,0.84755,-1.5944,-5.7467
2874,3.834,9.9083,5.9202
2875,4.3114,-9.2416,-5.0138
2876,7.1537,2.1414,0.86514
2877,7.2782,-1.1466,6.7206
2878,9.9672,-8.2177,-5.88
2879,7.6241,-0.90758,3.1736
2880,-3.0125,0.92081,6.3136
2881,-4.9977,-3.9675,4.4882
2882,-9.9684,-0.98562,-8.2754
2883,-5.7034,-4.3527,-8.1514
2884,-2.9319,6.2004,-3.1013
2885,-9.8459,4.2091,5.5787
2886,-7.2751,-2.1432,-1.9411
2887,-2.6062,-0.52844,-8.6328
2888,-2.9534,9.0278,5.8241
2889,-7.4805,4.8397,-0.81805
2890,7.4011,1.6765,8.0898
2891,2.8087,-8.4419,4.9314
2892,-0.84252,-2.4559,6.0454
2893,-0.44839,3.1907,0.85886
2894,5.5783,4.775,5.4281
2895,6.457,0.69212,8.603
2896,2.0655,0.20657,5.7697
2897,-5.8577,-4.5527,0.98784
2898,2.563,9.5564,-6.7429
2899,8.736,3.8356,0.99104
2900,8.21,8.2846,7.8095
2901,0.075429,6.2625,-2.8918
2902,0.30318,4.535,-6.9263
2903,-4.7379,4.5226,-8.575
2904,3.9374,8.4501,-8.682
2905,7.1855,-4.6391,-0.63922
2906,9.8947,-4.0365,-5.4327
2907,-6.4656,0.6476,-7.7853
2908,7.4775,2.247,-4.2553
2909,-0.073255,-4.8294,-1.832
2910,-6.2299,-8.9589,4.0726
2911,-5.5498,5.6526,-4.8071
2912,0.26177,-5.7448,8.3275
2913,5.623,-3.0052,9.1738
2914,-7.9284,5.9854,8.1087
2915,5.2723,9.0904,-4.9074
2916,-1.2816,6.2527,9.8864
2917,0.094633,-6.8747,9.7615
2918,-5.6239,-8.878,0.79133
2919,9.4627,0.93518,7.947
2920,-3.2889,-1.8519,7.7986
2921,2.1082,9.2805,5.1896
2922,-9.9578,1.213,5.9417
2923,0.93101,3.0025,4.3107
2924,8.6382,9.745,0.89164
2925,-0.44353,9.5635,3.2484
2926,-8.2913,-2.8069,4.8564
2927,2.3214,-8.966,-4.5295
2928,2.5944,9.8559,-7.1134
2929,5.0981,2.6948,8.2669
2930,-2.9384,4.6016,9.8117
2931,5.5058,-6.024,1.7151
2932,-9.7941,9.5352,8.3406
2933,7.8143,-0.67407,-9.6477
2934,-8.7302,4.5764,-5.2512
2935,-0.68366,9.0748,-2.7114
2936,-8.9169,-4.3263,-8.9979
2937,-7.0283,1.478,2.4512
2938,-7.1435,5.1338,6.6395
2939,-8.9632,-8.379,8.0656
2940,-5.1125,-7.8596,3.1705
2941,-2.7081,4.0009,9.2044
2942,-0.82389,-5.4048,9.5504
2943,2.6906,-7.8355,9.3553
2944,-9.9991,8.3246,-9.9548
2945,3.3989,5.6659,-3.2284
2946,-8.2783,4.5484,-4.6397
2947,-9.4719,-1.7532,-8.886
2948,4.5396,-0.91863,-7.204
2949,-4.0283,-7.6162,6.9226
2950,4.5458,0.36053,4.5894
2951,-3.6814,-1.9442,1.035
2952,2.4261,5.4633,7.4383
2953,-3.0519,-3.4129,-2.7477
2954,-4.9034,-8.9835,-4.083
2955,6.0219,2.0607,6.1791
2956,1.1047,-1.5457,4.2834
2957,2.6452,4.1235,-2.5841
2958,1.6398,-6.8328,8.7452
2959,3.2077,-6.4711,2.7057
2960,2.5025,3.7585,-7.2091
2961,-5.8422,-2.7687,-3.9049
2962,9.3999,3.9637,3.1652
2963,-5.6499,6.0196,4.6975
2964,-3.8783,-9.2194,-4.3616
2965,4.9928,1.6969,8.1075
2966,-8.931,0.1906,-8.5649
2967,4.2223,-7.0007,9.7983
2968,3.4334,8.6146,-6.0657
2969,-9.7305,7.2469,6.5707
2970,5.023,-3.6665,8.2705
2971,6.554,-8.5973,8.7187
2972,-0.42858,6.8989,6.8807
2973,-9.9712,-6.3829,8.0923
2974,-7.9025,4.2742,6.7347
2975,5.4848,8.4526,-6.2272
2976,4.7888,7.0561,2.2229
2977,0.22028,0.41519,-2.0534
2978,7.2137,3.7622,3.2449
2979,-5.0082,-2.0215,-4.1737
2980,-7.0593,3.2652,-1.5333
2981,-9.197,5.2737,4.7348
2982,5.2615,3.7224,4.6754
2983,6.0337,-8.8323,-6.8994
2984,-3.9664,8.4405,6.499
2985,-6.9352,8.4005,0.2708
2986,-1.1219,9.2857,-3.1787
2987,5.9121,-2.2339,-6.1497
2988,-9.9108,1.6685,9.1553
2989,5.5705,-9.698,7.7594
2990,1.7431,-9.8348,2.746
2991,-0.80997,4.8614,-4.5327
2992,0.95967,-3.4069,-4.9523
2993,-4.7016,0.52722,-0.10676
2994,-7.8479,5.956,9.5773
2995,-7.1998,8.0886,5.0832
2996,-2.9218,0.9726,-8.6125
2997,-2.8598,1.4455,-0.2095
2998,-8.4445,-0.48463,-3.7509
2999,-5.9371,3.9134,2.9102
3000,0.42473,-6.0457,-7.0899
